video_id,title,channel_title,category
FlsCjmMhFmw,YouTube Rewind: The Shape of 2017 | #YouTubeRewind,YouTube Spotlight,entertainment
6ZfuNTqbHE8,Marvel Studios' Avengers: Infinity War Official Trailer,Marvel Entertainment,entertainment
u9Mv98Gr5pY,VENOM - Official Trailer (HD),Sony Pictures Entertainment,entertainment
QwievZ1Tx-8,Marvel Studios' Avengers: Infinity War - Official Trailer,Marvel Entertainment,entertainment
ulNswX3If6U,Selena Gomez - Back To You (Lyric Video),Selena Gomez,film & animation
_9YMpuLDnwo,42 HOLY GRAIL HACKS THAT WILL SAVE YOU A FORTUNE,5-Minute Crafts,how-to & style
1Aoc-cd9eYs,Cobra Kai Ep 2 - Strike First - The Karate Kid Saga Continues,Cobra Kai,entertainment
rRr1qiJRsXk,Sanju | Official Teaser | Ranbir Kapoor | Rajkumar Hirani,FoxStarHindi,entertainment
QwZT7T-TXT0,So Sorry.,Logan Paul Vlogs,entertainment
wzKL-bQKcgA,Anitta & J Balvin - Downtown (Official Lyric Video) ft. Lele Pons & Juanpa Zurita,Lele Pons,comedy
J6-8DQALGt4,Alexa Loses Her Voice ‚Äì Amazon Super Bowl LII Commercial,amazon,entertainment
yDiXQl7grPQ,Do You Hear Yanny or Laurel? (SOLVED with SCIENCE),AsapSCIENCE,science & technology
YBpdL9hSac4,Incredibles 2 - Olympics Sneak Peek,Disney‚Ä¢Pixar,film & animation
vn9mMeWcgoM,Jurassic World: Fallen Kingdom - Official Trailer [HD],Universal Pictures,entertainment
1J76wN0TPI4,Sanju | Official Trailer | Ranbir Kapoor | Rajkumar Hirani | Releasing on 29th June,FoxStarHindi,entertainment
ZJDMWVZta3M,Incredibles 2 Official Teaser Trailer,Disney‚Ä¢Pixar,film & animation
xVhnfTwh1OA,YBN Nahmir - Bounce Out With That (Dir. by @_ColeBennett_),Cole Bennett,entertainment
pVxOVlm_lE8,Marvel Studios‚Äô Avengers: Infinity War - Big Game Spot,Marvel Entertainment,entertainment
J2HytHu5VBI,we broke up,David Dobrik,people & blogs
khPLWaBioOs,Logan Paul - SANTA DISS TRACK (Official Music Video),Logan Paul Vlogs,entertainment
F2lN25IayH8,Baaghi 2 Official Trailer | Tiger Shroff | Disha Patani | Sajid Nadiadwala | Ahmed Khan,FoxStarHindi,entertainment
4kDklB6-69Q,Poo Bear ft. Justin Bieber & Jay Electronica - Hard 2 Face Reality (Lyric Video),Hannah Stocking,comedy
VRJmcxCrAOA,Real Life Trick Shots 2 | Dude Perfect,Dude Perfect,sports
TIE92mUvSsw,Dhadak | Official Trailer | Janhvi & Ishaan | Shashank Khaitan | Karan Johar,Dharma Productions,film & animation
D86RtevtfrA,Deadpool 2 | The Trailer,20th Century Fox,film & animation
oWjxSkJpxFU,Suicide: Be Here Tomorrow.,Logan Paul Vlogs,nonprofits & activism
i5qOzqD9Rms,Incredibles 2 Official Trailer,Disney‚Ä¢Pixar,film & animation
dc89yyOS0Z8,MEDICINE - QUEEN NAIJA  (OFFICIAL VIDEO),Queen Naija,entertainment
5GRyr0noXrw,BOWLING BALL Vs. TRAMPOLINE from 45m!,How Ridiculous,sports
sXP6vliZIHI,Cardi B - Bartier Cardi (feat. 21 Savage) [Official Audio],Cardi B,people & blogs
xBht9TG7ySw,Race 3 | Official Trailer | Salman Khan | Remo Dsouza | Releasing on 15th June 2018 | #Race3ThisEID,Salman Khan Films,entertainment
NooW_RbfdWI,Jurassic World: Fallen Kingdom - Official Trailer #2 [HD],Universal Pictures,entertainment
20bpjtCbCz0,Deadpool 2: The Final Trailer,20th Century Fox,film & animation
-K9ujx8vO_A,PADMAN Official Trailer | Akshay Kumar | Sonam Kapoor | Radhika Apte | 26th Jan 2018,Sony Pictures India,entertainment
nFmSepfF48o,LOGAN PAUL,PewDiePie,entertainment
g4Hbz2jLxvQ,SPIDER-MAN: INTO THE SPIDER-VERSE - Official Trailer (HD),Sony Pictures Entertainment,entertainment
DIBw9dSVKdU,Ralph Breaks The Internet: Wreck-It Ralph 2 Official Teaser Trailer,Walt Disney Animation Studios,film & animation
S9KxqRUcnCU,Boomerang Trick Shots | Dude Perfect,Dude Perfect,sports
mdWcaWBxxcY,"Rita Ora - Girls ft. Cardi B, Bebe Rexha & Charli XCX (Official Lyric Video)",Rita Ora,entertainment
wbSwFU6tY1c,Falcon Heavy Test Flight,SpaceX,science & technology
WyZz9muaKFc,I Got 99 Problems But Being A Girl Ain't One! DIY Girls Hacks and More by Blossom,Blossom,how-to & style
xZNBFcwd7zc,"Deadpool, Meet Cable",20th Century Fox,film & animation
mzB1VGEGcSU,Juice Wrld - Lucid Dreams (Dir. by @_ColeBennett_),Cole Bennett - Lyrical Lemonade,entertainment
UUkn-enk2RU,Marvel Studios' Ant-Man and The Wasp - Official Trailer,Marvel Entertainment,entertainment
fAIX12F6958,Bumblebee (2018) - Official Teaser Trailer - Paramount Pictures,Paramount Pictures,film & animation
coOKvrsmQiI,RAMPAGE - OFFICIAL TRAILER 1 [HD],Warner Bros. Pictures,entertainment
MuPL-PSMX0Q,World's Longest LEGO Walk | Dude Perfect,Dude Perfect,sports
7vracgLyJwI,October | Official Trailer | Varun Dhawan | Banita Sandhu | Shoojit Sircar,Risingsunrsf,entertainment
IZODr96ZRCc,"Veere Di Wedding Trailer | Kareena Kapoor Khan, Sonam Kapoor, Swara Bhasker, Shikha Talsania| June 1",BalajiMotionPictures,entertainment
naW9U8MiUY0,HOW TO TRAIN YOUR DRAGON 3 Trailer (2019),FilmSelect Trailer,entertainment
SxAp27sFaIM,Lil Uzi Vert - The Way Life Goes Remix (Feat. Nicki Minaj) [Official Music Video],LIL UZI VERT,people & blogs
NZ74oFctP_g,Dogs Tested to See Whether They‚Äôd Defend Owner During Home Invasion,Inside Edition,news & politics
JwAnH6PLimo,Young Thug - Anybody (ft. Nicki Minaj) [Official Sign Video],Young Thug,entertainment
oJ2faqXlU1s,Mirror-Polished Japanese Foil Ball Challenge Crushed in a Hydraulic Press-What's Inside?,The Action Lab,entertainment
R59TevgzN3k,Samsung Galaxy: Growing Up,Samsung Mobile USA,entertainment
HwkLbeEYz6E,Yodeling Walmart Kid EDM Remix (OFFICIAL AUDIO) + DOWNLOAD LINK,GalacticFusion,gaming
qZHycHI3F1Q,Football vs Soccer Trick Shots | Dude Perfect,Dude Perfect,sports
FepIkIILumA,Fortnite with Ninja | Dude Perfect,Dude Perfect,sports
JSXGagNzNLw,Face Reveal,HowToBasic,entertainment
Hk5dxn5dj2M,Deep Sea Fishing Battle | Dude Perfect,Dude Perfect,sports
Wm_vSSlVsV4,Kaala (Tamil) - Official Teaser | Rajinikanth | Pa Ranjith | Dhanush | Santhosh Narayanan,Wunderbar Studios,film & animation
uVcvhKTVZ8g,Clash Royale: CLAN WARS IS HERE!,Clash Royale,gaming
5sEaYB4rLFQ,Fantastic Beasts: The Crimes of Grindelwald - Official Teaser Trailer,Warner Bros. Pictures,entertainment
XiHiW4N7-bo,Mission: Impossible - Fallout (2018) - Official Trailer - Paramount Pictures,Paramount Pictures,film & animation
dzxFdtWmjto,VENOM - Official Teaser Trailer (HD),Sony Pictures Entertainment,entertainment
9m9oO84Q2fk,Giant Darts Battle | Dude Perfect,Dude Perfect,sports
w4AImq08j9o,Why I'm not in YouTube Rewind 2017,PewDiePie,comedy
uxbQATBAXf8,Deadpool 2 | With Apologies to David Beckham,20th Century Fox,film & animation
zMxIW7uwDGg,"DJ (Duvvada Jagannadham) 2017 New Released Full Hindi Dubbed Movie | Allu Arjun, Pooja Hegde",Goldmines Telefilms,film & animation
x4CF5pruJz4,TORNEO DE YOUTUBERS #YTBattleRoyale - Fortnite - elrubiusOMG,elrubiusOMG,gaming
Ha3WCbl7S7s,Virat Kohli And Anushka Sharma Marriage Ceremony Full Videos - HD,Sports Blast,sports
wb49-oV0F78,Mission: Impossible - Fallout (2018) - Official Trailer - Paramount Pictures,Paramount Pictures,film & animation
OrnpSe4OChM,Mean Tweets ‚Äì Avengers Edition,Jimmy Kimmel Live,comedy
Sl9npEDYeLk,KSI vs Joe Weller ‚Äì Copper Box Arena February 3rd 2018,KSI,entertainment
UfKmSfgFxi8,FORTNITE The Movie (Official Fake Trailer),nigahiga,entertainment
hYirFqEc8Tg,Crossbow Trick Shots | Dude Perfect,Dude Perfect,sports
JwFgnGqMTws,Zlatan is Back! God! Ibrahimovic! LA Galaxy 4-3 Los Angeles FC All goals Highlight(31/03/2018) 1080P,NIXBLACK,sports
oSEeK9yDNQI,Clash Royale: Meet the Rascals! (New Card!),Clash Royale,gaming
TI5bEf-BULU,How Michael B. Jordan's Black Panther Makeup Was Done ‚Äî Exclusive Behind The Scenes,INSIDER,entertainment
1FJD7jZqZEk,Jurassic World: Fallen Kingdom - Final Trailer [HD],Universal Pictures,entertainment
4Jdp_dkduJc,CLASH ROYALE: EPIC COMEBACK!,Clash Royale,gaming
-DRsfNObKIQ,Eleni Foureira - Fuego - Cyprus - LIVE - First Semi-Final - Eurovision 2018,Eurovision Song Contest,entertainment
9_LIP7qguYw,Hidden Meanings Behind Childish Gambino's 'This Is America' Video Explained,INSIDER,entertainment
2z3EUY1aXdY,Justin Timberlake‚Äôs FULL Pepsi Super Bowl LII Halftime Show! | NFL Highlights,NFL,sports
df7PZIVe1lw,BOWLING BALL Vs. OOBLECK from 45m!,How Ridiculous,sports
H4Hb6HcCm_E,Cardi B - Drip feat. Migos [Official Audio],Cardi B,people & blogs
GpxCT36DxKg,MOWGLI - Official 1st Trailer,Warner Bros. Pictures,entertainment
_5d-sQ7Fh5M,LOGAN PAUL IS BACK!,Logan Paul Vlogs,entertainment
ExJmET8boVw,"Rita Ora - Girls ft. Cardi B, Bebe Rexha & Charli XCX (Official Video)",Rita Ora,entertainment
-RmUADCWI4A,All Sports Golf Battle 2 | Dude Perfect,Dude Perfect,sports
VJwoSfTOhyM,Water Bottle Flip 2 | Dude Perfect,Dude Perfect,sports
v-dfygYIfLs,Old School Trick Shots | Dude Perfect,Dude Perfect,sports
CziHrYYSyPc,Netta - TOY - Israel - Official Music Video - Eurovision 2018,Eurovision Song Contest,entertainment
6S9c5nnDd_s,Bohemian Rhapsody | Teaser Trailer [HD] | 20th Century FOX,20th Century Fox,film & animation
1XKSo2mFC6c,Kid Yodeler Mason Ramsey Performs,TheEllenShow,entertainment
P3BMmJtbZUs,BHAD BHABIE feat. Lil Yachty - Gucci Flip Flops (Official Audio),Bhad Bhabie,people & blogs
Wh1L0rOaa88,March Madness Stereotypes,Dude Perfect,sports
yzGmnjDFuZE,"I Donated $30,000 To My Favorite Twitch Streamer (ninja)",MrBeast,entertainment
p8XP7A7kvzM,Spill Your Guts or Fill Your Guts w/ Kim Kardashian,The Late Late Show with James Corden,entertainment
_EvMYEfF_hQ,Stranger Things Cast Answer the Web's Most Searched Questions | WIRED,WIRED,entertainment
_BcYBFC6zfY,Ralph Breaks the Internet: Wreck-It Ralph 2 Official Trailer,Walt Disney Animation Studios,film & animation
ek1ePFp-nBI,Halloween - Official Trailer (HD),Universal Pictures,entertainment
NWdc7PyZNLA,Guest Host Jennifer Lawrence Interviews Kim Kardashian West,Jimmy Kimmel Live,comedy
pOHQdIDds6s,Jake Paul - It's Everyday Bro (Remix) [feat. Gucci Mane],Jake Paul,people & blogs
SKV6h_5XFbk,ROYAL WEDDING ‚Äî A Bad Lip Reading,Bad Lip Reading,comedy
8-Cjsnq8kVU,Deadpool‚Äôs ‚ÄúWet on Wet‚Äù Teaser,20th Century Fox,film & animation
vjnqABgxfO0,The Grinch - Official Trailer (HD),Illumination,entertainment
RF7DhGIQE1k,Zero | Title Announcement | Shah Rukh Khan | Aanand L Rai | Anushka Sharma | Katrina Kaif | 21 Dec18,Red Chillies Entertainment,entertainment
4T1Zy7G8F7Q,"VIP-2 Lalkar (Velaiilla Pattadhari 2) 2018 New Released Full Hindi Dubbed Movie | Dhanush, Kajol",Goldmines Telefilms,film & animation
8LPVjHxXvJM,Jimmy Interviews Cardi B,The Tonight Show Starring Jimmy Fallon,comedy
JcdLF6XQ0iw,PANCAKE ART CHALLENGE 4!!! Learn How To Make Mario Odyssey Star Wars Jedi Nintendo Food DIY Pancake,Collins Key,entertainment
q8v9MvManKE,Earth Day 2018 Google Doodle,googledoodles,film & animation
WpqUOW19aJQ,Model Rocket Battle | Dude Perfect,Dude Perfect,sports
fRj34o4hN4I,"What's new, Atlas?",BostonDynamics,science & technology
jPEYpryMp2s,Solo: A Star Wars Story Official Trailer,Star Wars,entertainment
IBVo8dfqTBc,Rey Mysterio makes a shocking return in the Royal Rumble Match: Royal Rumble 2018 (WWE Network),WWE,sports
RF-Mqs2qC-M,Inside Zedd's $16 Million Mansion That Has a Skittles Machine | Open Door | Architectural Digest,Architectural Digest,entertainment
20DPgRoyQn0,Build Mini Underground Swimming Pool,Primitive Survival Tool,people & blogs
dNW0B0HsvVs,Solo: A Star Wars Story Official Teaser,Star Wars,entertainment
yzshoDMBkqE,LOGAN PAUL RETURNS  üì∞ PEW NEWSüì∞,PewDiePie,news & politics
jQNazsWnQKU,"Tyler, The Creator - OKRA","Tyler, The Creator",education
bG9v4nMyl80,PELICULA Coco COMPLETA HD Espa√±ol latino 2018,carlos eduardo braca ortega,people & blogs
3BJU2drrtCM,How a TV Works in Slow Motion - The Slow Mo Guys,The Slow Mo Guys,entertainment
cSp1dM2Vj48,READY PLAYER ONE - Official Trailer 1 [HD],Warner Bros. Pictures,entertainment
orkPrGSAETs,The Vision of Bharat | Mahesh Babu | Siva Koratala | DVV Entertainment | Bharat Ane Nenu Teaser,DVV Entertainments,entertainment
ycVc1jsaAA0,Christmas Stereotypes,Dude Perfect,sports
rAH8qm5oQHg,Town Hall 12 Update is Here! (Clash of Clans Official),Clash of Clans,gaming
KiBS-dbv_x0,Cardi B Showed Ellen How She Got Pregnant,TheEllenShow,entertainment
My4RA5I0FKs,Liquid Sand Hot Tub- Fluidized air bed,Mark Rober,science & technology
j4KvrAUjn6c,WE MADE OUR MOM CRY...HER DREAM CAME TRUE!,Lucas and Marcus,entertainment
ii3n7hYQOl4,SPIDER-MAN: INTO THE SPIDER-VERSE - Official Teaser Trailer,Sony Pictures Entertainment,entertainment
ooyjaVdt-jA,Official Call of Duty¬Æ: Black Ops 4 ‚Äî¬†Multiplayer Reveal Trailer,Call of Duty,gaming
P3Bd3HUMkyU,First Look at Nintendo Labo,Nintendo,gaming
ad_higXixRA,Billionaire Bill Gates Guesses Grocery Store Prices,TheEllenShow,entertainment
Q3jege0p0dQ,Marc Spelmann gets the first Golden Buzzer of 2018 | Auditions Week 1 | Britain‚Äôs Got Talent 2018,Britain's Got Talent,entertainment
nLSaCFlXn-g,Hichki | Official Trailer | Rani Mukerji | Releasing 23rd Feb 2018,YRF,film & animation
C6SZa5U8sIg,Voldemort: Origins of the Heir - An unofficial fanfilm (HD + Subtitles),TRYANGLE FILMS,film & animation
9jRtpMKLsts,"Pok√©mon: Let's Go, Pikachu! and Pok√©mon: Let's Go, Eevee! Trailer",The Official Pok√©mon YouTube channel,gaming
8X2kIfS6fb8,Cyberpunk 2077 ‚Äì official E3 2018 trailer,Cyberpunk 2077,gaming
lGEY8IulWiA,Lucas the Spider - Musical Spider,Lucas the Spider,film & animation
WAwRrtH-4Lg,My Horibal Speling,TheOdd1sOut,comedy
knaCsR6dr58,Agnyaathavaasi Official Teaser | Pawan Kalyan | Trivikram | Anirudh,Haarika & Hassine Creations,entertainment
NaY91YjVbEM,Musical Genre Challenge with Ariana Grande,The Tonight Show Starring Jimmy Fallon,comedy
KONe4SNFA64,Rihanna's Epic 10-Minute Guide to Going Out Makeup | Beauty Secrets | Vogue,Vogue,how-to & style
r-i6XpcL1Fs,Exercise Ball Magnus Effect from 200m!!,How Ridiculous,sports
KcWXKmnZZVo,Aiyaary Trailer  | Neeraj Pandey | Sidharth Malhotra | Manoj Bajpayee | Releases 26th January 2018,Reliance Entertainment,entertainment
OjrijcVIGIk,Pilipinas Got Talent 2018 Semifinals: Joven Olvido - Vape Tricks,Pilipinas Got Talent,entertainment
Ml9v3wHLuWI,Will Smith Tries Online Dating,Will Smith,entertainment
axVvZrDz60k,[EXID(Ïù¥ÏóëÏä§ÏïÑÏù¥Îîî)] ÎçúÎçúÎçú(DDD) ÎÆ§ÏßÅ ÎπÑÎîîÏò§ (Official Music Video),EXID_OFFICIAL,entertainment
CUNq2_VjRn4,Lucas the Spider - Encore,Lucas the Spider,film & animation
AiH3nDqWr9I,Film Theory: Phineas and Ferb's SECRET Hero!,The Film Theorists,film & animation
4HU6Z7anycw,Lucas the Spider - Polar Bear,Lucas the Spider,film & animation
fN5HV79_8B8,Oprah Winfrey Receives Cecil B. de Mille Award at the 2018 Golden Globes,NBC,entertainment
-Qv6p6pTz5I,Johnny English Strikes Again - Official Trailer (HD) - Coming Soon,Universal Pictures,entertainment
9oyKePWRi8Y,Best of 2017 | Dude Perfect,Dude Perfect,sports
qrks9Zu0f1w,102 Not Out | Official Trailer | Amitabh Bachchan | Rishi Kapoor | Umesh Shukla | In Cinemas May 4th,Sony Pictures India,entertainment
8_rTIAOohas,Marvel Studios' Ant-Man and the Wasp - Official Trailer,Marvel Entertainment,entertainment
h_O8ZvB3uEk,I'm in a Sorority? | Lele Pons,Lele Pons,comedy
Vm4Xn5vjqRA,"CRISTIANO RONALDO E FRED, O GRANDE ENCONTRO",Desimpedidos,sports
0XuOkYlUWIs,13 Reasons Why: Season 2 | Official Trailer [HD] | Netflix,Netflix,entertainment
vDtyaRoonx4,GIANT ICE BLOCK Vs. TRAMPOLINE from 45m!,How Ridiculous,sports
f_R9_xdhuNw,Laurel or Yanny?,TheEllenShow,entertainment
zxwfDlhJIpw,kanye west / charlamagne interview,Kanye West,people & blogs
K0GRBMSCIK4,"Cardi B Goes Undercover on Reddit, Twitter and YouTube | Actually Me | GQ",GQ,entertainment
t-My3vpDBvA,BB Ki Vines- | Likhe Jo Khat Tujhe |,BB Ki Vines,entertainment
305ryPvU6A8,HomePod ‚Äî Welcome Home by Spike Jonze ‚Äî Apple,Apple,science & technology
rCnU-IDcnnI,Baby Ariel - Aww [Official Video],Baby Ariel,entertainment
L3ymBk6Vb04,Avengers: Infinity War Cast Sings The Marvel Bunch,The Tonight Show Starring Jimmy Fallon,comedy
iN8zmmCRqUA,$3 Fries Vs. $100 Fries,BuzzFeedVideo,people & blogs
97h9fBWltBM,Agnyaathavaasi Theatrical Trailer | Pawan Kalyan | Trivikram | Anirudh,Haarika & Hassine Creations,entertainment
v7H_Or9Nr5I,Lucas the Spider - Giant Spider,Lucas the Spider,film & animation
Q1JiptOTxno,[EXID(Ïù¥ÏóëÏä§ÏïÑÏù¥Îîî)] ÎÇ¥ÏùºÌï¥(LADY) ÎÆ§ÏßÅ ÎπÑÎîîÏò§ (Official Music Video),EXID_OFFICIAL,entertainment
Dan2YMDCpms,Blind Girl Describes My Face to a Police Sketch Artist!,Gabbie Hanna,how-to & style
1PhPYr_9zRY,BTS Plays With Puppies While Answering Fan Questions,BuzzFeed Celeb,people & blogs
fUyU3lKzoio,"Hey Buddy, Can You Give Me a Hand?",BostonDynamics,science & technology
bF_naHpa-T4,RIP LIL TAY,PewDiePie,entertainment
cngUnh7EMKo,[LIVE] BTS 'FAKE LOVE' - 2018 Billboard Music Awards,Jung Hyun Ran,people & blogs
a7NJ6Gek9v4,ALL TIME GREATEST AIRPLANE SEAT - Emirates First Class Suite,CaseyNeistat,people & blogs
MLVcmQ62luE,I Tried Cutting My Hair Off With A Sword Like Mulan,Boldly,people & blogs
6Q0AazVu1Tc,Donchez bags a GOLDEN BUZZER with his Wiggle and Wine! | Auditions | BGT 2018,Britain's Got Talent,entertainment
rhhQS3ns6HU,MOMMY AND DAUGHTER SURPRISE DADDY WITH PREGNANCY ANNOUNCEMENT!!! (SPEECHLESS),The ACE Family,people & blogs
425M4M3Opkk,Christopher Robin Official Teaser Trailer,Disney Movie Trailers,film & animation
Jodbdj52Vc0,Shawn Mendes Carpool Karaoke -- #LateLateShawn,The Late Late Show with James Corden,entertainment
3eQP6JoxtKk,Film Theory: Thanos Was RIGHT!! (Avengers Infinity War),The Film Theorists,film & animation
Tn8hOPeAnIM,Erika Costell - Chitty Bang ft. Jake Paul (Official Music Video),Erika Costell,people & blogs
Q5KmA3Xbmqo,The Spider and The Butterfly - Animated Short,Dragonfoxgirl,entertainment
t5_dSCu_mLY,RIP ANGRY GRANDPA,TheAngryGrandpaShow,people & blogs
BgR_HJ7aGDY,[MV]SEVENTEEN - CALL CALL CALL! MV,SEVENTEEN Japan official Youtube,people & blogs
CZkUNPBlJIQ,Carpool Karaoke w/ Adam Levine,The Late Late Show with James Corden,entertainment
PALcJ0HW1-I,WALK IN THE WOODS WITH A LOGAN PAUL MEME,PewDiePie,comedy
5_-NKRVn7IQ,Samsung Galaxy S9 and S9+: Official Introduction,Samsung,science & technology
E8B1c3NpLpc,Miss World 2017 - Crowning Moment,Latino Vicente,people & blogs
FhllRWReNEE,Melting Every Lipstick From Sephora Together,Safiya Nygaard,people & blogs
5iOhzJdDawE,Marvel Studios' Avengers: Infinity War -- Chant TV Spot,Marvel Entertainment,entertainment
jSJr3dXZfcg,World of Warcraft: Battle for Azeroth Cinematic Trailer,World of Warcraft,gaming
LBnUc09MK2w,uganda knuckles,Apandah,education
oMCijY1XGlQ,Playing Deadpool With Ryan Reynolds!,jacksepticeye,gaming
Q17z9a03YaM,Rich Brian - Cold (Official Music Video),88rising,entertainment
NwP1zp4vOJU,LOGAN PAUL - WHY 2017 WAS THE BEST YEAR OF MY LIFE.,Logan Paul Vlogs,entertainment
MDOtD8gBaAo,The Sacred Riana Spooked Jay Park - Results Show | Asia's Got Talent 2017,Asia's Got Talent,entertainment
_zCDvOsdL9Q,INTERROGATING ZUCKERBERG ‚Äî A Bad Lip Reading,Bad Lip Reading,comedy
z1Fvrmf4BXc,MY GIRLFRIEND IS MOVING INTO OUR NEW HOUSE?!,Lucas and Marcus,entertainment
nLpqZEAFnkE,I Bought A Car Using Only Pennies,MrBeast,entertainment
BEePFpC9qG8,360 Google Doodles/Spotlight Stories: Back to the Moon,Google Spotlight Stories,film & animation
xJrOUJpCxOE,Dating the Popular Guy | Lele Pons,Lele Pons,comedy
EBYsx1QWF9A,Rick and Morty x Run The Jewels: Oh Mama | Adult Swim,Adult Swim,entertainment
c8W-auqg024,"We Sent Garlic Bread to the Edge of Space, Then Ate It",Tom Scott,education
J5b_-TZwQ0I,Confederacy: Last Week Tonight with John Oliver (HBO),LastWeekTonight,entertainment
7bfS6seiLhk,The Kissing Booth | Official Trailer [HD] | Netflix,Netflix,entertainment
nRafaCcfrcI,73 Questions With Liza Koshy | Vogue,Vogue,entertainment
3tUCuMSPQwE,NFL 2018 ‚Äî A Bad Lip Reading of the NFL,Bad Lip Reading,comedy
1Drha8HZN_c,Rangasthalam Official Teaser | Ram Charan | Samantha | Aadhi | DSP | Sukumar | #RangasthalamTeaser,Mythri Movie Makers,entertainment
UTVpWVO4vZU,SIDEMEN FC VS YOUTUBE ALLSTARS 2018 (Goals & Highlights),Sidemen,entertainment
mMCEvr3VWqQ,Kaala (Tamil) - Official Trailer | Rajinikanth | Pa Ranjith | Dhanush | Santhosh Narayanan,Wunderbar Studios,film & animation
nVHcXZK7pKs,[2017 MAMA in Hong Kong] BTS_BTS Cypher 4 + MIC DROP(Steve Aoki Remix Ver.),Mnet K-POP,entertainment
nsZvmFUXkrI,"Racist Superman | Rudy Mancuso, Alesso & King Bach",Rudy Mancuso,comedy
6xUPaVfmcUs,Kevin Hart on Lavar Ball and His Least Favorite Son | Cold As Balls | Laugh Out Loud Network,LOL Network,comedy
r-3iathMo7o,"The ULTIMATE $30,000 Gaming PC Setup",Unbox Therapy,science & technology
ai_UWoM37dI,R.I.P Arya,Dwarf Mamba,entertainment
0l35jAGQPOI,Are we ready to get married?,PewDiePie,entertainment
k2NskGo6x40,Danielle Bregoli Rejects Logan Paul's Apologies Over Suicide/Hanging Video | TMZ,TMZ,entertainment
v0RrsWK4GlY,THE DAY I SHOULD HAVE DIED... (Skydiving Accident),Logan Paul Vlogs,entertainment
l3uG4T8pJfw,Cardi B - Be Careful [Official Audio],Cardi B,people & blogs
c7MwlTFQBEQ,Soorma | Official Trailer | Diljit Dosanjh | Taapsee Pannu | Angad Bedi,Sony Pictures Networks Productions,entertainment
8YaF2m7hCx0,Padmaavat | Official Trailer | Ranveer Singh | Deepika Padukone | Shahid Kapoor,Viacom18 Motion Pictures,entertainment
QCjk_NPsIqU,Trump vs. The World: Last Week Tonight with John Oliver (HBO),LastWeekTonight,entertainment
0-7wMD5ISIs,ABANDONED MALL TURNED INTO WINTER WONDERLAND,CaseyNeistat,people & blogs
5ucCA-4Q--w,Logan Paul Says Even He Deserves a Second Chance | TMZ,TMZ,entertainment
i63jWjoAWHE,–°–µ–º—ë–Ω –°–ª–µ–ø–∞–∫–æ–≤: –û–ª√©-–û–ª√©-–û–ª√©!,–°–µ–º–µ–Ω –°–ª–µ–ø–∞–∫–æ–≤,comedy
lo57l5ZDgwU,[SUPER JUNIOR - Lo Siento(Feat.KARD)] Comeback Stage | M COUNTDOWN 180412 EP.566,Mnet K-POP,entertainment
g2orJgNOpnU,BB Ki Vines- | Alvida Dost |,BB Ki Vines,entertainment
B663R7kgxEA,Sergio Ramos y Demarco Flamenco - Otra estrella en tu coraz√≥n (Videoclip Oficial) #VAMOSESPA√ëA,La Roja,people & blogs
IVzGsh0zRec,Holland(ÌôÄÎûúÎìú) - 'Neverland (ÎÑ§Î≤ÑÎûúÎìú)' M/V,HOLLAND,people & blogs
FPm7xM849-E,BB Ki Vines- | Maun Vrat |,BB Ki Vines,entertainment
Am6NHDbj6XA,Donald Glover on This is America Music Video,Jimmy Kimmel Live,entertainment
nlozE2m-NMc,Deadpool Takes Over Stephen's Monologue,The Late Show with Stephen Colbert,entertainment
Jcghl0lbDSk,Cantina Theme played by a pencil and a girl with too much time on her hands,Dani Ochoa,entertainment
5LoBGoQPUNc,Jennifer Lawrence Takes a Lie Detector Test | Vanity Fair,Vanity Fair,entertainment
Y-iFgDK_D5s,The Smallest Bird you have ever seen,A Chick Called Albert,pets & animals
PGRcxXLfWrM,SCUBA DIVING IN POND FOR TREASURE!! (I FOUND IT!),Carter Sharer,entertainment
RFywfHsFpQM,Jack and Tim receive GOLDEN BUZZER from Simon Cowell! | Auditions | BGT 2018,Britain's Got Talent,entertainment
lfN3wZDaiv4,REACTING TO THE KSI WELLER FIGHT,KSI,entertainment
dT5ALH3ICTc,$2 Bacon Vs. $100 Bacon,BuzzFeedVideo,people & blogs
I7B0z_2EZmQ,Regarding the rumors about me today,shane,comedy
mctn16hLzhg,Jennifer Lawrence Explains Her Drunk Alter Ego 'Gail',TheEllenShow,entertainment
EnfoA2fF6GY,"Naa Peru Surya Naa illu India First Impact || Allu Arjun, Anu Emmanuel, Vakkantham Vamsi",Allu Arjun,film & animation
pTysrwci0pU,I Got A Perfect Makeover Based On My Features,Safiya Nygaard,people & blogs
aMcjxSThD54,"Jordan Peterson debate on the gender pay gap, campus protests and postmodernism",Channel 4 News,news & politics
pCjY3ZQY8WY,Spill Your Guts or Fill Your Guts w/ Gordon Ramsay,The Late Late Show with James Corden,entertainment
ySy8mcceTno,SLENDER MAN - Official Trailer (HD),Sony Pictures Entertainment,entertainment
GEB2f5dpFXs,THRIFTING BRANDS!! GOODWILL WITH GREATLIZA.,Liza Koshy,comedy
ZCPwpcurYns,How To Make Mumble Rap,nigahiga,entertainment
nWZMfPP34g8,BITTEN by a GIANT DESERT CENTIPEDE!,Brave Wilderness,pets & animals
kewIE0Zw6yY,A Thirsty Sidewalk,Daily Dose Of Internet,entertainment
N39uwTykTQk,THE BICYCLE OF SPRINGS,colinfurze,how-to & style
ZUSPD9zOyJs,‚ÄúInfinity War‚Äù Cast Reacts To Fan Tweets,BuzzFeed Celeb,people & blogs
WapBwuNtUzQ,THE END OF LOGAN PAUL VLOGS...,Logan Paul Vlogs,entertainment
ceyU5UBumLU,"YouTube, Let‚Äôs Talk About Brother Logan Paul..",Jake Paul,people & blogs
t3K7WD_up74,DEAR LOGAN PAUL...,Eh Bee Family,people & blogs
1ZAPwfrtAFY,The Trump Presidency: Last Week Tonight with John Oliver (HBO),LastWeekTonight,entertainment
UfR5dKcKJvY,Spying on Your Boyfriend | Lele Pons & Hannah Stocking,Lele Pons,comedy
pisY6J2Ky6U,ADULTS REACT TO KARMA IS A BITCH CHALLENGE,FBE,entertainment
0URpDxIjZrQ,Christopher Robin Official Trailer,Disney Movie Trailers,film & animation
cHB_s970Uyw,The Poop In My Pants | Rick and Morty | Adult Swim,Adult Swim,entertainment
ptYSpR9cTHU,I FOUND DAME TU COSITA IN FORTNITE  [MEME REVIEW] üëè üëè #23,PewDiePie,entertainment
f1xIeTCgoFk,BLACKPINK - INTRO +  ‚ÄòÎßàÏßÄÎßâÏ≤òÎüº (AS IF IT‚ÄôS YOUR LAST)‚Äô in 2018 Seoul Music Awards,BLACKPINK,people & blogs
x4TZEVqKIvs,Film Theory: Disney LIED to You! (High School Musical),The Film Theorists,film & animation
bYSRPuDEnTg,Garmi Ke Side-Effects | Ashish Chanchlani,ashish chanchlani vines,comedy
G7sQlvht6cc,KSI VS BIG SHAQ ft Asznee,KSI,entertainment
SkcucKDrbOI,HOW TO TRAIN YOUR DRAGON: THE HIDDEN WORLD | Official Trailer,DreamWorksTV,entertainment
sueMmTm-M4Y,Rangasthalam Theatrical Trailer | Ram Charan | Samantha | Aadhi | DSP | #RangasthalamTrailer,Mythri Movie Makers,entertainment
LNjiBBCNkk0,"6ix9ine Explains Why He Loves Being Hated, Rolling With Crips And Bloods & Why He's The Hottest",Breakfast Club Power 105.1 FM,entertainment
VVMCz04CmlA,SIDEMEN TOTAL WIPEOUT FOOTBALL CHALLENGE,Sidemen,entertainment
6p-QzY5bxJ0,The 'Stranger Things' Kids Were Nearly a Motown Super Group,The Late Late Show with James Corden,entertainment
bVeAdzNU2ow,Ryan Reynolds and Josh Brolin Insult Each Other | CONTAINS STRONG LANGUAGE!,BBC Radio 1,entertainment
tJv-xtxKkQY,Official Call of Duty¬Æ: Black Ops 4 Teaser,Call of Duty,gaming
2WHcBwq2wHc,Mo Salah bursts through wall to surprise kids | KOP KIDS PRANK,Liverpool FC,sports
dpLrlEBFq-0,"Keeping Up With The Gonzalez‚Äôs (Pt. 3) | Lele Pons, Rudy Mancuso & Inanna Sarkis",Lele Pons,comedy
hEnWzvzVMaA,FESTIVAL RAINBOW MAKEUP & LOOKBOOK,James Charles,entertainment
DV1OqgHb3jc,How To Make a Vegan Curry,HowToBasic,how-to & style
ngTcyNtDjE8,VENOM EXTRACTION - Centipede Bite Aftermath!,Brave Wilderness,pets & animals
QREWcgbMSxA,WolfieRaps - Check the Statistics Feat. Ricegum (Official Music Video) (Big Shaq Diss Track),MoreWolfie,comedy
gLVZNTtr_rI,BB Ki Vines- | Laut Aaye Jijaji |,BB Ki Vines,entertainment
q-aZFxwX5Zs,"Jake Paul - It's Christmas Day Bro (feat. Jerry Purpdrank, Nick Crompton, Chanthony, Erika Costell)",Jake Paul,people & blogs
R10qTLfwm8E,Christina Aguilera Carpool Karaoke - Extended Cut,The Late Late Show with James Corden,people & blogs
v6yg4ImnYwA,Bushworld Adventures | Adult Swim,Adult Swim,entertainment
0XJQ0o36wkA,My First Adult Movie ft Celestia Vega,KSI,entertainment
2s4GMLkTNv0,Dancing Without Moving!?,nigahiga,entertainment
eZRmP-l3Nz0,[(G)I-DLE - LATATA] Debut Stage | M COUNTDOWN 20180503 EP.569,Mnet K-POP,entertainment
UNnHy6Qc5-c,MY NEW CAREER. A NEW EPISODE!,Liza Koshy,comedy
oV0zkMe1K8s,How Black Panther Should Have Ended,How It Should Have Ended,film & animation
HFCfYCewHuA,REACTING TO JAKE PAUL‚ÄôS NEW CHRISTMAS ALBUM! **he lied to you**,Logan Paul Vlogs,entertainment
g1QONg2b2JQ,Wheel Unfortunate | Dude Perfect,Dude Perfect,sports
TZSVf-yD7N8,"Crosswalk the Musical on Broadway (w/ Hugh Jackman, Zendaya & Zac Efron)",The Late Late Show with James Corden,entertainment
r2vpDWS5ky4,I GRADUATED FOR FREE! DOLLAR STORE WITH LIZA PART 3!,Liza Koshy,comedy
9AemOdm8LrU,IF YOU DONT LIKE AMY SCHUMER THEN YOU ARE A ....,PewDiePie,comedy
Isvqg90LhqM,Lucas the Spider - Captured,Lucas the Spider,film & animation
Wm8QlNCk-wg,Casting Mirror Polished Japanese Foil Ball from Molten Aluminium,PressTube,science & technology
Wj-hVo3aqWY,The Sacred Riana Grand Final ‚Äì VOTE NOW | Asia‚Äôs Got Talent 2017,Asia's Got Talent,entertainment
RQZr2NgKPiU,"–Ø—Ö—Ç—ã, –æ–ª–∏–≥–∞—Ä—Ö–∏, –¥–µ–≤–æ—á–∫–∏: –æ—Ö–æ—Ç–Ω–∏—Ü–∞ –Ω–∞ –º—É–∂—á–∏–Ω —Ä–∞–∑–æ–±–ª–∞—á–∞–µ—Ç –≤–∑—è—Ç–æ—á–Ω–∏–∫–∞",–ê–ª–µ–∫—Å–µ–π –ù–∞–≤–∞–ª—å–Ω—ã–π,nonprofits & activism
Izmibu7dxcs,Destroying My Friend's Car And Surprising Him With A New One,MrBeast,entertainment
LfeEu4_vtfQ,Trying $1 Makeup From Wish,Safiya Nygaard,people & blogs
bZs2ImrTg5w,Drop the Mic: Shawn Mendes vs Odell Beckham Jr. - FULL BATTLE | TBS,TBS,entertainment
q2sI-T69sjs,A Kanye Place - SNL,Saturday Night Live,entertainment
2fGXDFiFBhg,DON'T Buy The iPhone X,Unbox Therapy,science & technology
4xTpw-05J0k,CURB YOUR MEME,PewDiePie,entertainment
nXUWK80TOTI,Jake Paul - Litmas (feat. Slim Jxmmi),Jake Paul,people & blogs
h3EJICKwITw,Juice Wrld - All Girls Are The Same (Dir. by @_ColeBennett_),Cole Bennett,entertainment
jD83QaWy8LI,Film Theory: Willy Wonka and the Golden Ticket SCAM! (Willy Wonka and the Chocolate Factory),The Film Theorists,film & animation
m4faDISwSVo,Why I Left Nickelodeon,Butch Hartman,film & animation
vbiiik_T3Bo,The End of the F**king World | Official Trailer [HD] | Netflix,Netflix,entertainment
hqv0FXAIPZk,SML Movie: Jeffy The Rapper 2,SuperMarioLogan,entertainment
Q1TXk7ZdiQE,"Zlatan Ibrahimoviƒá on Playing for LA Galaxy, His Nicknames & The World Cup",Jimmy Kimmel Live,entertainment
uBYzYji4rmE,Honest Trailers - Black Panther,Screen Junkies,film & animation
MsQb18nU2hA,MY APARTMENT TOUR!!,James Charles,entertainment
jvO1GDJXOgo,YOU LAUGH YOU SLAV,PewDiePie,comedy
zX0AV6yxyrQ,FIFA 19 | Official Reveal Trailer with UEFA Champions League,EA SPORTS FIFA,gaming
3CG77Qn5q2s,"Amigos | Lele Pons, Rudy Mancuso, Juanpa Zurita, Hannah Stocking & Anwar Jibawi",Lele Pons,comedy
5qpjK5DgCt4,"Racist Superman | Rudy Mancuso, King Bach & Lele Pons",Rudy Mancuso,comedy
unk6n3_QdlM,STUNG by a WARRIOR WASP!,Brave Wilderness,pets & animals
7Z7xbelZI_Y,Cardi B Knows What She's Naming Her First Child,TheEllenShow,entertainment
hmRt1GgCqxg,"YOU LAUGH, YOU DIE",PewDiePie,comedy
e77J4g0LMOk,Little Mix bring the Power & CNCO to The X Factor Final! | Final | The X Factor 2017,The X Factor UK,entertainment
XTJ5QL-mi8E,VERSUS #9 (—Å–µ–∑–æ–Ω IV): Guf VS –ü—Ç–∞—Ö–∞,versusbattleru,entertainment
OkFdqqyI8y4,The Elder Scrolls VI ‚Äì Official E3 Announcement Teaser,Bethesda Softworks,gaming
bTfJa_Qb5T0,13 Clever Ways to Fake High-end Looks in Your Home,Hometalk,how-to & style
PRlmRnU9qts,Jake Paul - Saturday Night (Song) feat. Nick Crompton & Chad Tepper (Official Music Video),Jake Paul,people & blogs
Kf2-86o5S1o,Film Theory: The Bee Movie LIED To You!,The Film Theorists,film & animation
_J7dEhYttbQ,My children don't exist.,Hobbie Stuart,how-to & style
Q6M255BZ0HU,YOU INDIA YOU LOSE,PewDiePie,entertainment
mddRihBrWOk,Fantasy Glasses | Lele Pons,Lele Pons,comedy
sq4hYZlDPec,Game Theory: Will the Fortnite Meteor Destroy EVERYTHING? (Fortnite Battle Royale),The Game Theorists,gaming
S-4rhjO6xYg,STRANGER THINGS: A Bad Lip Reading,Bad Lip Reading,comedy
sYvH7Y16iUM,The True All-Screen Smartphone is Here...,Unbox Therapy,science & technology
_vvvSyBNiHc,show bobs and vegana,PewDiePie,entertainment
ZQc34LzQeZ8,OUR NEW BACKYARD! **stunning**,Logan Paul Vlogs,entertainment
JzCsM1vtn78,THE LOGANG MADE HISTORY. LOL. AGAIN.,Logan Paul Vlogs,entertainment
njF1S4oQbgs,"YOU LAUGH, YOU TERRIFIED",PewDiePie,comedy
7kLO2AB5SPM,about Logan Paul,CaseyNeistat,people & blogs
rFAddL8g8mw,I Went To Japan To Make The Most Difficult Omelet,Tasty,how-to & style
lRkTgVynmbM,Rudy Mancuso & Maia Mitchell - Magic (Official Music Video),Rudy Mancuso,comedy
5uXsCaakZD8,It's Time To Stop Ajit Pai,h3h3Productions,entertainment
1zHKYmcEe9U,NORMAN - LE BUG DES 10 MILLIONS,NORMAN FAIT DES VID√âOS,comedy
oI42BohDabU,Katy Perry Watches Fan Covers On YouTube | Glamour,Glamour Magazine,entertainment
EyPXz6hKa_s,School Ke Wo Din - Amit Bhadana,Amit Bhadana,entertainment
S9ibNh16xfs,Jhen√© Aiko & Her Daughter Namiko Love Perform 'Sing To Me' | Dear Mama,VH1,entertainment
cBdHUcVXca8,NORMAN - NO√ãL,NORMAN FAIT DES VID√âOS,comedy
N3Dlpky9ey8,The Logan Paul Odyssey,h3h3Productions,entertainment
eVoXmDdI6Qg,5000 IQ IS REQUIRED TO WATCH /r/iamverysmart/ #4 [REDDIT REVIEW],PewDiePie,comedy
1QVlKUrjbWw,THE FUNNIEST VIDEO YOU WILL EVER SEE,KSI,entertainment
LtpqdJkoKm8,COLLEGE KIDS REACT TO THIS IS AMERICA - CHILDISH GAMBINO,FBE,entertainment
qQTVuRrZO8w,Primitive Technology: New area starting from scratch,Primitive Technology,people & blogs
pl-DjiO8das,THE PROPOSAL | Felix & Marzia üíç,Marzia,people & blogs
Ek3aeUhHaFY,Primitive Technology: Lime,Primitive Technology,people & blogs
UQkBcHLZOqU,Wearing Fashion Nova Outfits For A Week,Safiya Nygaard,people & blogs
m6lY1GXTu5M,"Ariana Grande, Jimmy & The Roots Sing No Tears Left to Cry w/ Nintendo Labo Instruments",The Tonight Show Starring Jimmy Fallon,comedy
ZhEz1cvC1rc,Game Theory: How RICH is a Pokemon Master?,The Game Theorists,gaming
Ya_trIAWIXA,Real Doctor Reacts to THE GOOD DOCTOR | Medical Drama Review | Doctor Mike,Doctor Mike,people & blogs
aGl-1nwahCA,Ew! with John Cena,The Tonight Show Starring Jimmy Fallon,comedy
Waf5MF-UUj0,PUPPY KONG'S FIRST BLIND DATE!,Logan Paul Vlogs,entertainment
_7985zBEM3o,Primitive Technology: A-frame hut,Primitive Technology,people & blogs
3N3c3ZX6hoM,YOU GROOVE YOU LOSE - YLYL #0023,PewDiePie,comedy
CeCgsmTjHjk,SHANE DAWSON AND RYLAND DO MY MAKEUP,James Charles,entertainment
bc5BnTYRgx8,$10 Vegan vs. $135 Vegan,BuzzFeedVideo,people & blogs
lrWRy9BBp-c,ELDERS REACT TO UGANDAN KNUCKLES MEMES,FBE,entertainment
Ifpq10K6zhs,GREENTEXT MEMES  /r/greentext/ #6 [REDDIT REVIEW],PewDiePie,comedy
rdeQT7KkqM8,"$1 Bagel vs. $1,000 Bagel",BuzzFeedVideo,people & blogs
ClpexINvLfY,–û–¢ –ù–ê–° –°–ö–†–´–í–ê–Æ–¢ –ü–†–ê–í–î–£? / –ü–û–ñ–ê–† –í –ö–ï–ú–ï–†–û–í–û,SOBOLEV,people & blogs
4juJXyLX510,Avengers Infinity War with Ashish Chanchlani,ashish chanchlani vines,comedy
rTKaXaPIfG8,"Dear YouTube, We Lost A Family Member... (RIP MacKenzie)",Jake Paul,people & blogs
QZL2NrrhjHY,Guillermo ‚Äì God's Plan,Jimmy Kimmel Live,entertainment
McRNSFGwqtY,MY 98 YEAR OLD DAD'S REACTION WHEN HE FINDS OUT HOW OLD HE REALLY IS! (WARNING:FOUL LANGUAGE),Pinball Wiz,people & blogs
YI3tsmFsrOg,The Deadliest Being on Planet Earth ‚Äì The Bacteriophage,Kurzgesagt ‚Äì In a Nutshell,education
P6ODTQKhaXk,Dunkey's Best of 2017,videogamedunkey,gaming
06CMDDA4l8E,Jake Paul - My Teachers (Feat SUNNY & AT3),Jake Paul,people & blogs
Vdt8Og5mY0w,L'INVENTION DU CORPS HUMAIN - CYPRIEN,Cyprien,comedy
1YdB1q3c2C0,NORMAN - LA RACLETTE !,NORMAN FAIT DES VID√âOS,comedy
8z_cg5CypRc,Kelly Clarkson Carpool Karaoke,The Late Late Show with James Corden,entertainment
pHxlZ4dTXug,Is it ùìòùìºùì∏ùìπùì∏ùì≠ ùìóùì∏ùìæùìª yet?,PewDiePie,gaming
v_0WNLAmSaE,Game Theory: FNAF STUMPED Me! (FNAF 6 Ultimate Custom Night),The Game Theorists,gaming
4BjTHvJZ8IQ,Rangasthalam Latest Teaser | Introducing Samantha as Rama Lakshmi | Ram Charan | Aadhi | DSP,Mythri Movie Makers,entertainment
t4pRQ0jn23Q,YoungBoy Never Broke Again Goes Sneaker Shopping With Complex,Complex,entertainment
1Znl8OUBa_o,Gucci Gang Country Edition! (Dear Ryan),nigahiga,entertainment
eS4rlDJ1aVQ,"KIDS DROP THEIR PHONES , THE REASON WHY , WILL SHOCK U! [MEME REVIEW] üëè üëè #14",PewDiePie,comedy
08OhPK2BVIU,DOING MAKE UP WITH GARDENING TOOLS!!,Liza Koshy,comedy
WDiK14qI3pQ,Restaurant Sutiyapa | Ashish Chanchlani,ashish chanchlani vines,comedy
igczJLuaelg,#boogiedown CONTEST WINNERS ANNOUNCED,Fortnite,gaming
LU6xDgpnIyM,CONFRONTING MY DAD,shane,comedy
Jz50eTT6y8g,How I Made My Millions! (and so can you) üí∞üí∞üí∞ BITCONNECT,PewDiePie,entertainment
0bXCbVGb04A,"Game Theory: FNAF, The Theory That Changed EVERYTHING!! (FNAF 6 Ultimate Custom Night)",The Game Theorists,gaming
10ZHNmmwwHw,FilterCopy | Every School Romance | ft. Apoorva Arora and Rohan Shah,FilterCopy,comedy
jq_8rxMaltw,"LE PLUS GROS CACHE-CACHE DE FRANCE ! (ft Carlito, Maxenss, L√©o)",SQUEEZIE,comedy
oipLbJoV9pM,$9 Fish Vs. $140 Fish,BuzzFeedVideo,people & blogs
-lgcAySBbTA,'Avengers: Infinity War' Cast Tours Los Angeles w/ James Corden,The Late Late Show with James Corden,people & blogs
I0tmSFXWa3k,POPULAR CONSPIRACY THEORIES,shane,comedy
SsyUGltfuZo,YoungBoy Never Broke Again - Diamond Teeth Samurai (Official Video),YoungBoy Never Broke Again,entertainment
aBefE9RAIz8,Martinez Twins - That‚Äôs My Lambo (Official Music Video),Martinez Twins,entertainment
2nVPFdqejD0,"Wait, My Crush is Watching? | Hannah Stocking & Lele Pons",Hannah Stocking,comedy
CQQit01HHLY,BLIND GIRL DOES MY MAKEUP ft. MOLLY BURKE,James Charles,entertainment
f6Egj7ncOi8,FULL FACE USING ONLY MY MOM'S MAKEUP Challenge | NikkieTutorials,NikkieTutorials,how-to & style
vAuO3bHxSpc,Primitive Technology: Round hut,Primitive Technology,people & blogs
RkvczNWh9ZM,ARE YOU A MAD LAD?,PewDiePie,comedy
0wx849AmSm8,BUYING A 24K GOLD IPHONE X IN DUBAI,KSI,entertainment
IbO0M3DTqis,Ninja Addresses Jake Paul Clickbaiting Him,H3 Podcast Highlights,people & blogs
UXNnAB3ugPU,How My Makeup Looks Under a Microscope,Tina Yong,how-to & style
fH5SelF_glc,THE FINAL DECISION,KSI,entertainment
EUFtVAgh9vM,NORMAN - LES BARBECUES,NORMAN FAIT DES VID√âOS,comedy
LACbVhgtx9I,THE MUFFIN SONG (asdfmovie feat. Schmoyoho),TomSka,comedy
Fbl3E_XCQfA,I Flew Using Only Leaf Blowers,MrBeast,entertainment
d-HPZL6AU64,I Tried Following A Simply Nailogical Nail Art Tutorial,Safiya Nygaard,people & blogs
YDQXzY11aS0,YoungBoy Never Broke Again ‚Äì Overdose (Official Video),YoungBoy Never Broke Again,entertainment
Xc4xYacTu-E,Which Way Is Down?,Vsauce,entertainment
2-tzlBFotjA,My Summer Crush | Hannah Stocking,Hannah Stocking,comedy
g5c1bk8weaQ,FIRST TIME IM DOING THIS! TALKS WITH LIZA.,Liza Koshy,comedy
L87HuKmGwVQ,I Wore Platform Crocs For A Week,Safiya Nygaard,people & blogs
6LB4JWRnyrM,Î∞©ÌÉÑÏÜåÎÖÑÎã® - FAKE LOVE (BTS - FAKE LOVE) ‚îÇBTS COMEBACK SHOW 180524 180524,Mnet K-POP,entertainment
CahQhevkcCM,We Mastered That Shiny Dirt Ball,BuzzFeedVideo,people & blogs
uthHP6FoBmk,Lil Xan - Wake Up (Dir. by @_ColeBennett_),Cole Bennett,entertainment
SU_2bRmIswc,DESSINE-MOI UN ALIEN (court m√©trage),Cyprien,comedy
MIQKlHSD89E,Tiny Donkey Thinks He's Actually A Dog  | The Dodo,The Dodo,pets & animals
p-GN8WXoiX4,The FASTEST Grand Mac Meal Ever Eaten (under 1 Minute!!),Matt Stonie,entertainment
tRB-OU1wVFg,Sidemen FC vs YouTube Allstars Charity Match Livestream,Sidemen,entertainment
BsjQqm60ZEI,Dance Battle with the Stranger Things Kids,The Tonight Show Starring Jimmy Fallon,comedy
vFWlCsjWFMw,Tamizh Padam 2 Official Teaser | Shiva | Iswarya Menon | CS Amudhan | #TP2Teaser | Y Not Studios,Y Not Studios,entertainment
V4Uuxg6jmbo,The Try Guys Bake Bread Without A Recipe,BuzzFeedVideo,people & blogs
sxxJug2Ob_A,Latino Hunger Games | Lele Pons,Lele Pons,comedy
3AMGFKcWoe8,VOS MEILLEURS MONTAGES VID√âO #1,SQUEEZIE,comedy
tugFFhML7VY,The Nintendoe Paper!,nigahiga,entertainment
pMpQABKlC-I,How To Speak Internet 101 (ft. Will Smith),IISuperwomanII,comedy
gN_L27itbTA,SQUEEZIE - FREESTYLE DE L'AUTOD√âRISION,SQUEEZIE,comedy
1XpCfxBSaUo,It‚Äôs Time To End School Shootings.,Jake Paul,people & blogs
nranUeNkXpM,CHRISTMAS IS HERE! ‚Äî A Bad Lip Reading of Donald Trump,Bad Lip Reading,comedy
LqU9CdPs6ek,I Wore $5 Clothes From Romwe For A Week,Safiya Nygaard,people & blogs
jLM2ibaRbrk,Flinch w/ BTS,The Late Late Show with James Corden,entertainment
44WiEYFopes,PRENDRE UNE PHOTO - NORMAN,NORMAN FAIT DES VID√âOS,comedy
ggIzq8JUK44,How Horse Sounds are Made for Movies,INSIDER,entertainment
qhQqaLZnGoc,Can You Girls Turn Me On?,RiceGum,entertainment
3mDDtCSC7fU,Desi Karnama Part-2 ( Amit Bhadana & BeYouNick ),Amit Bhadana,entertainment
bGHM6DSAgiA,Try Not To Laugh Challenge #13,Markiplier,comedy
psnbQ_sF-yE,Aladdin & Genisa | Lele Pons & Anwar Jibawi,Lele Pons,comedy
skIfzl96Gc0,BLACKPINK - 'SO HOT' (THEBLACKLABEL Remix) in 2017 SBS Gayodaejun,BLACKPINK,people & blogs
jp9hK-jY6yY,When Someone Has A Crush on You | Lilly Singh,IISuperwomanII,comedy
wRNYoWFjmEc,I Bought An Entire Outfit From Instagram Ads,Safiya Nygaard,people & blogs
9sRQQRiltrE,BTS Get Scared by a Fangirl,TheEllenShow,entertainment
ltzy5vRmN8Q,Burger King | Whopper Neutrality,BURGER KING,entertainment
CG9EGStW-nE,ON REGARDE LES 1√àRES VID√âOS DE LA CHA√éNE,Choisissez le nom,gaming
ea2FXcjk3Wo,YOU SERIOUSLY NEED TO STOP POSTING THESE...,PewDiePie,comedy
ZefnROl7XEw,SPARRING AND TRAINING WITH FLOYD MAYWEATHER,KSI,entertainment
BtvRaMPJWLs,Super Smash Bros - Trailer Analysis,videogamedunkey,gaming
knf0PIXHFpg,JE VOUS PI√àGE INCOGNITO,SQUEEZIE,comedy
7qmSwj8Pwys,Deleted video,PewDiePie,comedy
FL9BbzUYXjA,Dating a Sociopath | Hannah Stocking,Hannah Stocking,comedy
mD4jp2HHu0g,I tried to go to Canada but got stuck in Minneapolis,Jaiden Animations,film & animation
yXqDYbnmBsU,DZjoker CLASH ...,Dzjoker Chemsou,comedy
gDPr8Na24QU,Black Panther Cast Answers the Web's Most Searched Questions | WIRED,WIRED,entertainment
DlFmfxACvig,Lil Skies - Nowadays ft. Landon Cube (Dir. by @_ColeBennett_),Cole Bennett,entertainment
U8LHgq3Jlnw,NET NEUTRALITY MEMES [MEME REVIEW] üëè üëè #4,PewDiePie,comedy
aB-UKwO367s,Film Theory: How Star Wars Theories KILLED Star Wars: The Last Jedi!,The Film Theorists,film & animation
AMqSY_zBP74,CRAYOLA CRAYONS MAKEUP REVIEW,James Charles,entertainment
t4YAyT4ihIQ,Getting My Driver's License | Lele Pons,Lele Pons,comedy
_YDuLCIzbN4,Primitive Technology: Pottery and Stove,Primitive Technology,people & blogs
Q3L0gArhmaE,SOMEONE STOP THIS MADMAN!,PewDiePie,entertainment
tHmAPWOo2jY,U SLAV U LOSE,PewDiePie,entertainment
zlAqizx7Lf0,The Return of Whiteface Man,h3h3Productions,entertainment
Zqv5CBWt9yA,Bhuvan Bam- Safar | Official Music Video |,BB Ki Vines,entertainment
LdhQzXHYLZ4,Italian Election: Last Week Tonight with John Oliver (HBO),LastWeekTonight,entertainment
Uy7yJdq1yhg,I GOT MY HOARDING ROOM PROFESSIONALLY ORGANIZED!,Gabbie Hanna,how-to & style
jE2VvGZktJo,Jake Paul - Randy Savage (FT. Team 10 + Jitt & Quan) Prod. By MORTEN,Jake Paul,people & blogs
AP14dJZzKkA,Woman Tries to Get a Free Ride,Ryan Is Driving,entertainment
v5IKpyFrpV4,WE NEEDED TO SAVE HER FROM THE KIDNAPPER!! **insane rescue**,Jake Paul,people & blogs
DgOUdtUlL24,My Pretty Little Liars Audition Tape! | Shay Mitchell,Shay Mitchell,how-to & style
cw1kBPZjbyg,Film Theory: Which of The Incredibles Is THE MOST Incredible? (Disney Pixar's The Incredibles),The Film Theorists,film & animation
bOZT-UpRA2Y,Walmart yodeling kid,Sonell Official,people & blogs
QBL8IRJ5yHU,Why I'm So Scared (being myself and crying too much),grav3yardgirl,how-to & style
V0HCZ4YGqbw,La de da de da de da de day oh,bill wurtz,people & blogs
bAkEd8r7Nnw,Slow Mo Katana Sword - 4K - The Slow Mo Guys,The Slow Mo Guys,entertainment
39nNRQ1gR3c,Eminem Goes Sneaker Shopping With Complex,Complex,entertainment
Zv7mc3TygO4,I DON'T LIKE MARVEL MOVIES,PewDiePie,entertainment
LvYbhJ6pryA,Jake Paul - All I Want For Christmas (Official Music Video),Jake Paul,people & blogs
T8jBIVi6rrM,Terrible Soccer Players | Lele Pons,Lele Pons,comedy
l9jZFwwZQJs,I'm the Easter Bunny? | Lele Pons,Lele Pons,comedy
aYnyMPc3LQ4,How to Make Life More Interesting,Jaiden Animations,film & animation
JUabUTqMgpM,The Greatest Meme of all time... [LOSS],PewDiePie,entertainment
OAGfx7eB3gA,How to pick up a cat like a pro - Vet advice on cat handling.,Helpful Vancouver Vet,pets & animals
2HboMs0vbsE,[2017 MAMA in Hong Kong] BTS_INTRO Perf. + Not Today,Mnet K-POP,entertainment
nOBdtU1tzWk,Vishwaroopam 2 (Tamil) - Official Trailer | Kamal Haasan | Ghibran,Ulaganayagan Tube,film & animation
sqFVrfinlYk,MARVEL INFINITY WARS DISINTEGRATION MEME MAKES ME HAHA,PewDiePie,entertainment
5atVDycaXWM,VINERS WELCOME!,PewDiePie,comedy
mcsTWPSMDtg,Migos x Tasty Whip Up Stir Fry,Tasty,people & blogs
xvmTr6S00Aw,MY PARENTS DO MY MAKEUP,James Charles,entertainment
JDmse8M-3-Y,teens react to nothing.,FBE,entertainment
9qvNtzr0nqU,CYPRIEN - LUNAIRE (court m√©trage),Cyprien,comedy
DCUyV3eBilg,HERE‚ÄôS WHY 2017 WAS THE BEST YEAR OF MY LIFE,Jake Paul,people & blogs
97IfPfjSaDg,A Cuphead Cartoon,hotdiggedydemon,film & animation
qgYvfE5PkQI,Liza On Demand - Official Trailer,Liza Koshy,comedy
uKpvjqDsTcU,A Very Special Message from Deadpool,Ryan Reynolds,people & blogs
UjtOGPJ0URM,Why Alien Life Would be our Doom - The Great Filter,Kurzgesagt ‚Äì In a Nutshell,education
cgI9usFKx_w,BOXING MY BRO,KSI,entertainment
LHjji5bSkBQ,YOU LAUGH YOU ABSOLUTE WUT,PewDiePie,entertainment
CbWP9nvnRhw,The Pun Challenge!?,nigahiga,entertainment
mCoP4PjFZ8I,It‚Äôs Sad To Say That Jerika Is Ending...,Jake Paul,people & blogs
I5uXtODq74w,Where have we been?,h3h3Productions,entertainment
4Wi1PzmHKvg,I Hate Homework | Lele Pons,Lele Pons,comedy
SWVtV59mczk,Battlefield 5 Official Multiplayer Trailer,Battlefield,gaming
16jwVQTLCrg,ÿ™ÿµÿ±Ÿäÿ≠ ÿÆÿ∑Ÿäÿ± ŸÖŸÜ ŸÖÿ≠ŸÖÿØ ÿµŸÑÿßÿ≠ Ÿäÿ®ŸÉŸâ ÿßŸÑŸÖŸÑÿßŸäŸäŸÜ ÿ®ÿπÿØ ÿßÿµÿßÿ®ÿ™Ÿá ŸÖŸÜ ÿ±ÿßŸÖŸàÿ≥ ! ÿßŸÜÿ∏ÿ± ŸÖÿßÿ∞ÿß ŸÇÿßŸÑ !,ŸÉŸàŸÉÿ® ÿßŸÑŸÖÿπÿ±ŸÅÿ©,entertainment
guRbfQFddfg,John Krasinski Answers the Web's Most Searched Questions | WIRED,WIRED,entertainment
36QMyiRAv-Y,Jaiden & Boyinaband - Empty (Official Music Video),Jaiden Animations,film & animation
__4c1JCHvaQ,Logic Solves a Rubik's Cube While Eating Spicy Wings | Hot Ones,First We Feast,how-to & style
x_joMJBrT34,10 of the World's Smallest Working Products!,Matthias,comedy
we5djgQwK9w,Whats In My HUGE Fridge?,Rosanna Pansino,how-to & style
exMNBvwCfRY,LES PIRES DOUBLAGES FRAN√áAIS,SQUEEZIE,comedy
muAPJiMho2Y,DELIT DE FUITE - le Justicier de No√´l,CHRIS-RS,autos & vehicles
sottGW1p5os,P!nk Carpool Karaoke,The Late Late Show with James Corden,entertainment
JZf9UPGqcRc,Badla ( Dastaan-E-Dhokha ) Part 2 - Amit Bhadana,Amit Bhadana,entertainment
9Y7X6le5qmE,Bohemian Rhapsody: The Movie - Official Teaser Trailer  (HD),Queen Official,entertainment
r8-9pYzU-o8,Jake Paul - 12 Days Of Christmas (Feat. Nick Crompton),Jake Paul,people & blogs
wHTIs_pii8M,1 CHALLENGE 10 YOUTUBEURS,SQUEEZIE,comedy
fJXWRFizc6E,The Secret Friend - Amit Bhadana,Amit Bhadana,entertainment
JATYGQrOXG4,Rishta (Dastaan E Dhokha) Part-3 *Amit Bhadana*,Amit Bhadana,entertainment
A9YcrloL3oE,Jack,Unbox Therapy,film & animation
xNkLDa3_nnk,Why I've Been Lying About My Life.,grav3yardgirl,how-to & style
O8bszsJ0D7I,I Bought 5 Knockoff Tech Products From Wish,Safiya Nygaard,people & blogs
D7sj7L1uLiw,4 Ton Wrecking Ball in Slow Motion - The Slow Mo Guys,The Slow Mo Guys,entertainment
_uM5kFfkhB8,Vanoss Superhero School - New Students,VanossGaming,comedy
yKVAhDbSito,BLOOD SUGAR ‚ù§Ô∏è PALETTE & LOVE SICK COLLECTION REVEAL | Jeffree Star Cosmetics,jeffreestar,how-to & style
wdSXvTCksFA,Chad Tepper - MALIBU feat. Jake Paul (Official Music Video),Jake Paul,people & blogs
Of_ERZE21hw,SQUEEZIE - FREESTYLE DE POTES (ft Seb & Maxenss),SQUEEZIE,comedy
AFOB6NRugTA,UNE VID√âO PAS DR√îLE MAIS INT√âRESSANTE #2,SQUEEZIE,comedy
1j_k5WCFShQ,I Bought The First 5 Things Insta Celebs Recommended To Me,Safiya Nygaard,people & blogs
qXivpclxftM,Weird Workout Videos - JonTron,JonTronShow,comedy
GZPuPoQe_3Y,Zucc Gets Roasted,h3h3Productions,entertainment
VP_ki-W3cLY,"Post Malone Goes Undercover on Twitter, Facebook, Quora, and Reddit | GQ",GQ,entertainment
_FCw2r-5y9o,High School Bully | Lele Pons,Lele Pons,comedy
XKFKPQHdWRI,Breaking Glass Using Only Megaphones,MrBeast,entertainment
ycuMyyqBWQY,Interviewing the Head of YouTube Business,CaseyNeistat,people & blogs
mvUwLmOoTrA,Game Theory: Did I Find Fortnite's SECRET Lore (Fortnite Battle Royale),The Game Theorists,gaming
sirrTXiPFmw,I Bought One Snickers Bar From Every Walmart,MrBeast,entertainment
qTBYE8BFVxo,Logan Paul's Brother Roasted me On LIVE RADIO,RiceGum,entertainment
A8ScwhLh7uo,Honest Trailers - Stranger Things,Screen Junkies,film & animation
qN8DRJ8OMcA,Homeless German Shepherd cries like a human!  I have never heard anything like this!!!,Hope For Paws - Official Rescue Channel,pets & animals
QD-fLwfBc30,SIDEMEN GIANT FOOTBALL DARTS,Sidemen,entertainment
52pwYD_rxmE,TRY NOT TO Slip 'N Slide Through the Wrong MYSTERY BOX!!,FaZe Rug,gaming
0lAWLb1tv8s,QUI POSS√àDE LE MEILLEUR JOUET ? (ft Maxenss & Seb),SQUEEZIE,comedy
aLt_4e6MthU,THEY CHALLENGED ME!,Will Smith,entertainment
VopB3HnOJQQ,TOTAL WIPEOUT CHALLENGE vs MY SISTER & BRO,W2S,entertainment
SGtTgrtONr4,KSI vs Joe Weller Fight BEST MOMENTS (Reaction),RiceGum,entertainment
57nZ7LaVAH0,I Let My Subscribers Pick My Hair Color,Safiya Nygaard,people & blogs
SV1ho61qaG4,Prank Invasion: A Closer Look,h3h3Productions,entertainment
3BNg4fDJC8A,How This Guy Folds and Flies World Record Paper Airplanes | WIRED,WIRED,entertainment
-kTWIm7m4Uw,We Bought A House,JennaMarbles,comedy
O92pekaban8,13 Reasons Why: Season 2 | Date Announcement [HD] | Netflix,Netflix,entertainment
W4lFoAMHWOY,J'AI COMPL√àTEMENT CRAQU√â...,SQUEEZIE,comedy
6i9UUvxhAlY,I Tried A Full Face Of 7-Eleven Makeup,Safiya Nygaard,people & blogs
sEDBKQYFB4s,NORMAN - LA CHANSON DU FAUX,NORMAN FAIT DES VID√âOS,comedy
EJ-4nFz5hjU,CONFRONTING MY MOM,shane,comedy
hahi5hfIVX0,Secret Santa | Lele Pons,Lele Pons,comedy
JNyZ49q4vrU,Buying Used Things 2,Domics,comedy
VwWV4JelEzY,Walking Into Random Stores With 100 Dinosaurs,MrBeast,entertainment
ulCdoCfw-bY,The Black Hole Bomb and Black Hole Civilizations,Kurzgesagt ‚Äì In a Nutshell,education
PHLY4a5fTjU,I Bought A Full Face Of Makeup From Facebook Ads,Safiya Nygaard,people & blogs
nQ1mmVG-G1g,YoungBoy Never Broke Again - Genie (Official Video),YoungBoy Never Broke Again,entertainment
RDBprxmdKRQ,Un message sinc√®re,SQUEEZIE,comedy
OdpHOc7vqHA,Testing Nail Products from Wish Nails Remove Toes Hollow Nail Polish Peel-off Nails Wish Buy Now,Simply Nailogical,entertainment
BZm8nSz19pM,ON TESTE DES V√âHICULES IMPROBABLES,Bigorneaux & Coquillages,gaming
cQp_C_Zrc3U,BTS Special / Î∞©ÌÉÑÏÜåÎÖÑÎã® Ïä§ÌéòÏÖú [2017 KBS Song Festival | 2017 KBS Í∞ÄÏöîÎåÄÏ∂ïÏ†ú / 2017.12.29],KBS World TV,entertainment
VWeYDFpCZqM,Michael B. Jordan Gets Knocked Out By Spicy Wings | Hot Ones,First We Feast,how-to & style
A0FZIwabctw,Falcon Heavy & Starman,SpaceX,science & technology
EU-eQpCqBXQ,Buying Used Things,Domics,comedy
2QkRcDSClS0,TOP 10 DES JEUX 2017 (CLIP),Cyprien,comedy
yZIT6ZtsNxI,"–•–∞–±–µ–Ω—Å–∫–∏–π - ¬´–ú–µ—Ç–æ–¥-2¬ª, –ú–µ–¥–∏–Ω—Å–∫–∏–π –∏ –ë—Ä—ç–¥ –ü–∏—Ç—Ç / –≤–î—É–¥—å",–≤–î—É–¥—å,people & blogs
1lJOpFI3HRI,S vs L (Clash des fili√®res),Mcfly & Carlito,entertainment
qT0mpVcH3ZU,"New Year, New Me | Rudy Mancuso & Stephen Curry",Rudy Mancuso,comedy
OylDdm-6ZH0,I TRIED FOLLOWING A SIMPLY NAILOGICAL MAKEUP TUTORIAL... WOW!,NikkieTutorials,how-to & style
pWqef6cbwzI,ANGRY GRANDPA TRIBUTE VIDEO,TheAngryGrandpaShow,people & blogs
aUTU-GnxVuM,ANNIE: Origins | League of Legends,League of Legends,gaming
PjTU0DmBWiU,PRADA - JASS MANAK (Official Video) Satti Dhillon | Latest Punjabi Song 2018 | GK.DIGITAL | Geet MP3,Geet MP3,entertainment
lqTKup-wpEU,GOOGLE PICKS MY MAKEUP CHALLENGE! | NikkieTutorials,NikkieTutorials,how-to & style
Xr2rgT9uEnA,LIE DETECTOR TEST WITH MY GIRLFRIEND!,miniminter,gaming
s_dp2mBrqr0,"Game Theory: FNAF 6, No More Secrets (FNAF 6, Freddy Fazbear's Pizzeria Simulator)",The Game Theorists,gaming
sxvC647Yi0A,Spiderman 3 - Making a Masterpiece,videogamedunkey,gaming
3k6RD9zVvpE,Musical Fiction | Rudy Mancuso,Rudy Mancuso,comedy
E60w-0q8Y0Y,"It's true, wife and I are getting a divorce.  Here's whats next for us.",boogie2988,entertainment
PW-WgdZctW0,WEARING DOLLAR STORE OUTFITS! + DOLLA HAUL!,Liza Koshy Too,comedy
EEzj0HMz5Bc,ARE MY PARENTS SMARTER THAN A 5TH GRADER?! NAH.,Liza Koshy Too,comedy
eZFqlNYU5QM,The Best Of Avicii Songs   | RIP Thank you for your music üñ§,Skreiz,people & blogs
bYpItS1jS3Y,TRYING ON DOG COSTUMES!! HAPPY HOLIDOG.,Liza Koshy Too,comedy
6Rl7fQQRmtg,Wassabi - WHAT IT IS! ft Sickick (Official Music Video),Wassabi Productions,entertainment
7HGCE6-LMBg,Ari's Birthday! (again),Jaiden Animations,film & animation
xf-dywd3zx0,Official Trailer | BTS: Burn The Stage,BANGTANTV,entertainment
xLkHEZTSeoU,Casey Neistat Melts His Face Off While Eating Spicy Wings | Hot Ones,First We Feast,how-to & style
LxONIU-9_Zo,Guilty or Innocent? | Lele Pons,Lele Pons,comedy
1nX0kF2UwDc,[BadComedian] - –î–≤–∏–∂–µ–Ω–∏–µ –í–≤–µ—Ä—Ö (–ü–ª–∞–≥–∏–∞—Ç –∏–ª–∏ –≤–µ–ª–∏–∫–∞—è –ø—Ä–∞–≤–¥–∞?),BadComedian,comedy
KOC7clogG6s,Film Theory: The Tide Pod Challenge - EXPOSED!,The Film Theorists,film & animation
0dBIkQ4Mz1M,PLUSH - Bad Unboxing Fan Mail,iDubbbzTV,comedy
zYlW81GZYug,When Your BF Acts Different Around His Friends (ft. The Rock),IISuperwomanII,comedy
XtlLI_pBC3s,My Dogs Meet A Cat,JennaMarbles,comedy
3VbHg5fqBYw,Avengers: Infinity War Trailer Tease,Marvel Entertainment,entertainment
dXt1ftcdxNg,DIY Lazy Food Hacks EVERY Person Should Know!,Natalies Outlet,entertainment
uxybmhq7XzQ,Meet TSM Myth,TSM,gaming
J83sZrz9XTc,Samsung Galaxy S9 Impressions!,Marques Brownlee,science & technology
rvskMHn0sqQ,A Selfish Argument for Making the World a Better Place ‚Äì Egoistic Altruism,Kurzgesagt ‚Äì In a Nutshell,education
Nk5yOFCsNeE,$360 KYLIE COSMETICS BRUSHES TESTED! HONEST AF REVIEW!,Manny Mua,how-to & style
wkbcPpAtNwM,High School Picture Day | Hannah Stocking,Hannah Stocking,comedy
5530I_pYjbo,How I Trained My Cats,JunsKitchen,how-to & style
ROzC9ZySGos,MAKEUP vs iPHONE X FACE ID,James Charles,entertainment
EhL2OWXZ26s,How To Lose Your Life's Savings w Cryptocurrency,h3h3Productions,entertainment
lCsX7h5_Nqs,The Break-Up | Lele Pons & Twan Kuyper,Lele Pons,comedy
7F-UD_NlDrk,Try Not To Laugh Challenge #12,Markiplier,comedy
cytyAgu9-bA,DEADMAU5 said this Bassline is IMPOSSIBLE...,Davie504,entertainment
CNJL4GsSrcc,"–°–µ—Ä–µ–±—Ä—è–∫–æ–≤ - –æ–± —ç–º–∏–≥—Ä–∞—Ü–∏–∏, –¥–µ—Ç—è—Ö –∏ –∑–∞–∫–æ–Ω–µ –ø–æ–¥–ª–µ—Ü–æ–≤ / –≤–î—É–¥—å",–≤–î—É–¥—å,people & blogs
keA5xzqTBBw,PLAGIAT OU PAS PLAGIAT ?,Bigorneaux & Coquillages,gaming
cy9W-ZywVPc,Trying to Get Into Fitness & Health,Jaiden Animations,film & animation
HS6R2Q7eRdg,Super Seducer,videogamedunkey,gaming
ZT0CCaKDxjg,Welcome to Iowa,DuckSoss,comedy
8mhTWqWlQzU,Wearing Online Dollar Store Makeup For A Week,Safiya Nygaard,people & blogs
-5I4FCUo7AA,"Are We Frenemies?! | Lele Pons, Hannah Stocking & Anwar Jibawi",Lele Pons,comedy
F0HevqEymoM,I BLEW UP A CAR,KSI,entertainment
JfsxLhPn-oA,Shootin' With iDubbbz,h3h3Productions,entertainment
_IPXiNIXuFI,–ì—Ä—É–¥–∏–Ω–∏–Ω: –°—Ç–∞–ª–∏–Ω –Ω–∞—à –ª—É—á—à–∏–π –ª–∏–¥–µ—Ä –∑–∞ 100 –ª–µ—Ç / –≤–î—É–¥—å,–≤–î—É–¥—å,people & blogs
ih8ex84QoH4,I Tried Perfect Customized Mascara,Safiya Nygaard,people & blogs
ck2ClsAoN8w,Ending Daily Vlogs. Not Clickbait,RomanAtwoodVlogs,people & blogs
XmzCr3Pehtw,TERRAIN MIN√â (Norman ft Jimmy Labeeu),NORMAN FAIT DES VID√âOS,comedy
Da-2h2B4faU,String Theory Explained ‚Äì What is The True Nature of Reality?,Kurzgesagt ‚Äì In a Nutshell,education
MWbQdgjsvJI,MAKING A DRESS OUT OF TRASH BAGS!,Amber Scholl,how-to & style
vkA1rFrNLWs,do you know how big my mousepad is?,PewDiePie,film & animation
UvE73kS7LG8,"Anes Tina Rani za3fane , ÿ±ÿßŸÜŸä ÿ≤ÿπŸÅÿßŸÜ",Anes Tina,comedy
QHG3ao_5Hl0,MARK ZUCKERBERG EST-IL UN ROBOT ?,SQUEEZIE,comedy
OXVm3fhYsEo,KYLIE COSMETICS X KRIS JENNER COLLECTION | SWATCHES & DEMO,Jaclyn Hill,how-to & style
3Eu7NzzHC84,The Climb | League of Legends,League of Legends,gaming
JANApS0P4z8,Casually Explained: Levels of Wealth,Casually Explained,comedy
r1_H7Va8D8w,BLINDTEST DES SYNONYMES feat. MAXENSS et SQUEEZIE,Mcfly & Carlito,entertainment
s26JfwmlIKc,WARNING : ONLY INTELLEGENT PEOPLE CAN WATCH THIS.,PewDiePie,comedy
6ojjvi5gUaU,SIDEMEN ANSWER THE MOST SEARCHED GOOGLE QUESTIONS,Sidemen,entertainment
doPC4PAN65I,Unsavory Group of Bad Hombres - Bad Unboxing Fan Mail,iDubbbzTV,comedy
ta6sV6WrElE,Mixing All My Nail Powders Together (for sale if u keep it on the DL),Simply Nailogical,entertainment
Hj9XPmLeqOw,ON CR√âE DES CHANSONS EN IMPRO #2 feat. Maxenss et Squeezie,Mcfly & Carlito,entertainment
ZAyvEft9MIs,"We Need To Talk About The Logan Paul Problem, New Escalations, and More...",Philip DeFranco,entertainment
ZB7_1CoKntI,Giving Myself Tape In Hair Extensions,JennaMarbles,comedy
9leGWlOXaTA,YOUTUBE WARRIOR 3 vs Jimmy Labeeu & Math se fait des films,Mcfly & Carlito,entertainment
pjagqAGyoS0,How to get Views on YouTube!,nigahiga,entertainment
0zZ0Y_UZRBw,THE GREEN MAKEUP CHALLENGE! | NikkieTutorials,NikkieTutorials,how-to & style
PiI150VpvV8,2017 YouTube Rewind Rant! (Diss Track?),RiceGum,entertainment
w9AWvi82uDw,Game Theory: Doki Doki Decoded! (Doki Doki Literature Club),The Game Theorists,gaming
tpa4kp4lK60,I have a brain tumor.,Simone Giertz,science & technology
_Lp5iMI8RWc,DIY Snowglobe Nails (I built a snowman on my nail),Simply Nailogical,entertainment
C4NnCpYKH_Q,GROSSE ANNONCE...,NORMAN FAIT DES VID√âOS,comedy
C5Rm6rDbF20,SIDEMEN GIANT SLIP AND SLIDE FOOTBALL,Sidemen,entertainment
MSpcdzwBatg,"Logan Paul ROASTED by Dolan Twins! #DramaAlert RiceGum , PewDiePie , Jacksepticeye  & Much More!",DramaAlert,news & politics
Ep6-bNu16_I,I Dressed According To My Zodiac Sign For A Week,Safiya Nygaard,people & blogs
VEY8mlKPjP0,YOU WONT BELIEVE WHAT I DID ON NATIONAL TELEVISION... {live prank},Jake Paul,people & blogs
d380meD0W0M,I Dare You: GOING BALD!?,nigahiga,entertainment
4ZW46kW7mG8,Harjeeta - Official Trailer | Ammy Virk | In Cinemas 18th May 2018,Lokdhun Punjabi,film & animation
JIJB7cv97Dg,Zain Ramadan 2018 Commercial - ÿ≥ŸäÿØŸä ÿßŸÑÿ±ÿ¶Ÿäÿ≥,Zain,entertainment
8qGCleYV4cw,Getting Over It,videogamedunkey,gaming
HDx7dI1D1zE,What's in my Peely Bag? (Re-creating 5 of my nail peelies) / 2017 year-in-review,Simply Nailogical,entertainment
ZyFfrCpZah4,LES BELGES ONT-ILS UN COEUR ? feat. JIMMY LABEEU,Mcfly & Carlito,entertainment
PWwvR6cSH4o,Dad Jokes with Kratos,Polygon,gaming
8A7bNJCjkx8,Lil Skies - Welcome To The Rodeo (Dir. by @_ColeBennett_),Cole Bennett,entertainment
Wbm-GzCnC-g,Kevin Gates - Change Lanes (Dir. by @_ColeBennett_),Cole Bennett,entertainment
Iq6gCapM9gk,Avicii - Wake Me Up,Proximity,entertainment
Hgiu9cqph5Y,A Japanese Take on American Sushi,JunsKitchen,how-to & style
M79o2UejYKo,DOLLAR STORE DIY CHALLENGE,LaurDIY,how-to & style
VlZ1SWLBfPE,The Truth About Where Hair Extensions Come From | Shady | Refinery29,Refinery29,how-to & style
tzq7TskZ8Wc,YOUTUBE WARRIOR vs Maxenss & Squeezie,Mcfly & Carlito,entertainment
MMGrzOu1amQ,HOLO CAPPUCCINO | DIY Diamond Cappuccino test (maybe don't drink this?),Simply Nailogical,entertainment
2awTgK-tCvI,KRIS JENNER MAKEUP TUTORIAL | PatrickStarrr,PatrickStarrr,how-to & style
vjY86_TFT1o,JE R√âALISE LE R√äVE DE JHON RACHID (NORMAN),NORMAN FAIT DES VID√âOS,comedy
2v4-L4PkV9U,I pranked him... then I BOUGHT him his DREAM CAR!! **emotional surprise**,FaZe Rug,gaming
FM7x2VByEfk,SOMETHING IS COMING...,shane,comedy
pxvBTSx47C8,YOUTUBE WARRIOR 2 vs Mister V & J√©r√©mie Dethelot,Mcfly & Carlito,entertainment
r1x0X5PCYak,EXTREME HOLIDAY GLAM TRANSFORMATION!,NikkieTutorials,how-to & style
V5zTZRDdimY,VR Troopers - JonTron,JonTronShow,comedy
XD0lxNiZ7mE,KANYE WEST TWITTER,PewDiePie,entertainment
6wGj89GE6aQ,Messing around in the studio‚Ä¶,Will Smith,entertainment
08XqNxVgfMU,DONALD TRUMP SECRET VIDEO,PewDiePie,comedy
Of9GOMM9HPg,Nintendo Labo,videogamedunkey,gaming
BplJQtpfero,–û–± –∏—Ç–æ–≥–∞—Ö –∑–∞–±–∞—Å—Ç–æ–≤–∫–∏ –∏ ¬´–≤—ã–±–æ—Ä–æ–≤¬ª,–ê–ª–µ–∫—Å–µ–π –ù–∞–≤–∞–ª—å–Ω—ã–π,nonprofits & activism
j5s-s1oGzVM,We Take a DNA Test,h3h3Productions,entertainment
IOuFE-6Awos,Ellen Makes 'Friends' with BTS!,TheEllenShow,entertainment
l7ib9Mmkt4Y,TIED UP CHALLENGE!!,Liza Koshy Too,comedy
UsXI9cvTb7E,YOU LAUGH YOU SOY,PewDiePie,entertainment
29zlbazAvHA,ON CHERCHE UN STAGIAIRE,Mcfly & Carlito,entertainment
JgQ-07VgJuY,Primitive Technology: Blower and charcoal,Primitive Technology,people & blogs
4k9bXpi1tU4,Parked In My Spot,Domics,comedy
Ix7WYjwn5-A,I Bought Them a House!! - Roman Atwood's Day Dreams (Ep 1),RomanAtwoodVlogs,entertainment
4U9b58rtoNg,Yaar Vs Pyaar Ft. Kartik Aaryan & Nushrat Bharucha | Ashish Chanchlani,ashish chanchlani vines,comedy
ffvg7cR68-Q,Official Call of Duty¬Æ: Black Ops 4 Zombies ‚Äì Voyage of Despair,Call of Duty,gaming
uLs7p-brvP0,EXTREME DRAG TRANSFORMATION,James Charles,entertainment
hNS43l4qXvg,JE TESTE L'INTELLIGENCE DE MON CHIEN,SQUEEZIE,comedy
WA0Ek8RT20s,–ö–µ–º–µ—Ä–æ–≤–æ: —á—Ç–æ —Å–ª—É—á–∏–ª–æ—Å—å –∏ –∫—Ç–æ –≤–∏–Ω–æ–≤–∞—Ç,–ê–ª–µ–∫—Å–µ–π –ù–∞–≤–∞–ª—å–Ω—ã–π,nonprofits & activism
XlCHEONTqnc,WE ARE ALL GOING TO D1E.,PewDiePie,pets & animals
TM-gCW45YHc,Ïù∏ÌîºÎãàÌä∏(INFINITE) Tell Me Official MV,woolliment,entertainment
5TbUxGZtwGI,Time: The History & Future of Everything ‚Äì Remastered,Kurzgesagt ‚Äì In a Nutshell,education
tEG1Eo7OexY,YouTube ReRyan FAIL!,nigahiga,entertainment
vUALE5SitT0,BLACKPINK - ‚ÄòÎöúÎëêÎöúÎëê (DDU-DU DDU-DU)‚Äô M/V TEASER,BLACKPINK,people & blogs
JBDWIGpKnwM,Dude vs. Wild - Nevada Mountains,nigahiga,entertainment
aJrCQypP4a0,Carnage - Learn How to Watch ft. Mac Miller & MadeinTYO (Dir. by @_ColeBennett_),Cole Bennett,entertainment
_r0cf42EUBw,I Got A Makeover In 3 Different U.S. Cities,Safiya Nygaard,people & blogs
E4691igUPG8,LA CHANSON DE LA JOIE (DEFI YOUTUBE WARRIOR 2 PERDU RE-UPLOAD),Mcfly & Carlito,entertainment
c-2excR77E8,SIDEMEN: THE MOVIE (Official Trailer),Sidemen,entertainment
XWrB4qOF_UA,*NEW* FENTY BEAUTY BODY LAVA & FAIRY BOMB | HIT OR MISS?!,jeffreestar,how-to & style
SUn9OsW0bEY,"So You Think You Can't Dance | Lele Pons, Hannah Stocking & Montana Tucker",Lele Pons,comedy
Xk_2NB0RIaA,Over Again (Official Video) - Mike Shinoda,Mike Shinoda,film & animation
m9KCDVoQFTg,KSI VS JOE WELLER PRESS CONFERENCE/FACE OFF/WEIGH IN,KSI,entertainment
ghMEmxP0hgw,DINOSAUR YOGA CHALLENGE!!,Liza Koshy Too,comedy
y_WoOYybCro,How I Became The Fresh Prince of Bel-Air | STORYTIME,Will Smith,entertainment
cyIftAPf7kM,When SJWs fight cyberbullys no one wins,h3h3Productions,entertainment
pmoM9aY6A4U,CONCOURS D'ANECDOTES #3 vs MR.POULPE & DAVY,Mcfly & Carlito,entertainment
I6N-XuYllgA,"Jet Packinski Touches a Hairless Rat, Rooster & Other Weird Stuff in the Fear Box | Vanity Fair",Vanity Fair,entertainment
4cXsgT3ZcL8,Black Girls React to Tarte Shape Tape Foundation | Jackie Aina,Jackie Aina,how-to & style
iK7ROzfOW8k,LOGAN PAULS SISTER WANTS TO DO YOUTUBE,PewDiePie,entertainment
TITlnMA7bH8,LES PIRES OBJETS SUR LES SITES CHINOIS ! #2,Amixem,comedy
Sc2pkWWe4Og,PRESQUE ADULTES EP9 - LE +1 DE SA VIE,NORMAN FAIT DES VID√âOS,comedy
H8bmr4oR19c,SURPRISE MARRIAGE PROPOSAL! Our 5 Year Love Story ‚ô•,Karina Garcia,how-to & style
pKFd5rAUM2s,BLANK CANVAS... 2017 YEAR IN REVIEW,James Charles,entertainment
jwkNAJBwoEA,The Friend Zone | Anwar Jibawi,Anwar Jibawi,comedy
Ymt4lpzv62g,STAR WARS: THE LAST JEDI (spoilers),PewDiePie,entertainment
LnFsp6iM5dg,Transforming a Homeless Womans Life... **EXTREMELY EMOTIONAL**,FaZe Rug,gaming
b4vTZx_AtHk,How To Dry a Shirt in 30 Seconds,HowToBasic,how-to & style
6Km34EXxGZ4,I React to Mean Comments,TheReportOfTheWeek,entertainment
oYmc98Tx0BA,BYE MAKEUP! GET UNREADY WITH ME! | NikkieTutorials,NikkieTutorials,how-to & style
kpTTf7CRwYc,SIDEMEN DRUNK HELIUM CHALLENGE,Sidemen,entertainment
ceXPzJ0fZNs,My B-Boy Days,Domics,comedy
TsVpk00atGc,THE MOST HATED PERSON ON THE INTERNET,PewDiePie,entertainment
dYXaxeJBj5k,Life-Changing Gift Wrapping Hacks,"But First, Coffee",how-to & style
mt-pg8FBBDw,BB Ki Vines- | Ask BB- Episode 4 |,BB Ki Vines,entertainment
cYxzLGk2NcY,My Dogs Eating Popcorn ASMR,JennaMarbles,comedy
wHch0mGCa9I,BRUTALLY HONEST KYLIE COSMETICS WEATHER COLLECTION REVIEW AND DEMO! Hit or Miss?,Manny Mua,how-to & style
_Jbq2EEPG14,Film Theory: Gravity Falls ISN'T OVER! (Bill Cipher LIVES!),The Film Theorists,film & animation
LvC8VzCcI88,LaurDIY and Alex Wassabi's Epic Two-Tone Room Makeover!,Mr. Kate,how-to & style
5hNMaaM7Log,SIDEMEN DEAL OR NO DEAL,Sidemen,entertainment
QJWTqI-uor4,MCFLY A √âCRIT UN NOUVEAU SKETCH,Mcfly & Carlito,entertainment
IQYLPEuAClo,Harry Styles to the Rescue!,The Late Late Show with James Corden,entertainment
VVxQ9HC2aeY,"Demi Lovato, Unfiltered: A Pop Star Removes Her Makeup | Vogue",Vogue,how-to & style
HFGzgtMyOZY,LAZY BOY Vs. TRAMPOLINE from 45m!,How Ridiculous,sports
w2QTDd1sT1E,I Tried Magnetic Face Mask For The First Time,Guava Juice,entertainment
Y0bFGnLj8Nc,HOLIDAY HACKS + COOKING WITH LIZA!,Liza Koshy Too,comedy
8mCcM-PUmLM,I Dressed Like It Was 1977,Safiya Nygaard,people & blogs
RMnI_zRbjYA,EVERLEIGH TAUGHT ME HER SOLO!,Maddie Ziegler,entertainment
TVnaueYeoVU,E3 Interview + Accepting The Diamond Play Button!,Ninja,gaming
KyQyz2upSgY,Casually Explained: Men's Fashion,Casually Explained,comedy
1HLMi1s6Tho,there's something we've been hiding from you.,CaseyNeistat,people & blogs
9SK1I0V6U5c,Lie Detector | Anwar Jibawi,Anwar Jibawi,comedy
8qBnrS9-d4M,RiceGum - Christmas Song (Diss Track?),RiceGum,entertainment
JFydHaV0klA,"COLLEGE KIDS REACT TO K-POP (BTS, MONSTA X, SEVENTEEN, TWICE, Red Velvet)",FBE,entertainment
FUPhcru6Ypo,THE BEST NIGHT OF MY LIFE (KSI vs Joe Weller),ComedyShortsGamer,people & blogs
z82L0EDmbms,[BadComedian] - –ö—Ä—ã–º (#–§–∏–ª—å–º–ù–∞—à),BadComedian,comedy
1sl5KJ69qiA,The Greater Good - Mind Field S2 (Ep 1),Vsauce,entertainment
E6IUMKMpdRo,JAMES & IAN SHOW: RELATIONSHIPS,James Charles,entertainment
sV7eDd1d7LI,Cooking birthday presents for my wife!,JunsKitchen,how-to & style
T_su3F3aEjY,"INSTARWARS (tu perds, tu publies sur Insta)",Mcfly & Carlito,entertainment
GBVxEpQr8R8,ON VOUS D√âVOILE NOTRE VRAI SALAIRE,Mcfly & Carlito,entertainment
M1PiAic9vFM,ON VOUS LIVRE NOTRE D√âCOR (partie 1),Mcfly & Carlito,entertainment
L29S0JPOrV0,BEYONCE'S MAKEUP ARTIST DOES MY MAKEUP! | ft. Sir John,NikkieTutorials,how-to & style
PtXwS40iaNs,STYLE SWAP feat. NIKKIE TUTORIALS,James Charles,entertainment
OGYASOBiU_E,Last Names,Domics,comedy
68qhGBZzYYk,DRAGUER UNE FILLE DEVANT SON COPAIN -PART 2 (IbraTV),IbraTV,entertainment
G9kjzTsMlzo,95 PELE & 94 RONALDO IN THE MOST ICONIC FIFA 18 PACK OPENING,W2S,entertainment
FNdyDazu3V4,How To Make a Hawaiian Pizza,HowToBasic,entertainment
99t4EBwIAt8,Shawn Mendes Answers the Web's Most Searched Questions | WIRED,WIRED,entertainment
aMQbRpxgFvs,Smartphone Awards 2017!,Marques Brownlee,science & technology
JyUKqUTp9rc,NEW WET N WILD 'GOTH-O-GRAPHIC' COLLECTION | HIT OR MISS?!,jeffreestar,how-to & style
3inQ3p3N8BE,PRESQUE ADULTES FIN - LE MARIAGE,Cyprien,comedy
H0g4JxKp4fc,*cough*,jacksfilms,comedy
oY9GVZKwBhI,COPYING MADDIE ZIEGLER'S INSTAGRAM PHOTOS,Jess Conte,entertainment
qg2nGY1aqlg,The Grisly Murders of Jack The Ripper,BuzzFeedBlue,people & blogs
cWvTb-5bjFc,"Separated at Birth | Hannah Stocking, Juanpa Zurita & Lele Pons",Hannah Stocking,comedy
Ni9yip7Ev_w,100000% U WILL LAFF (FAMILY FRIENDLY v7) + RIP Slippy,PewDiePie,comedy
su8luWeY1lQ,Where I have been,SSundee,people & blogs
Ii3Rr4-Pxow,KIM KARDASHIAN: KKW Concealer Kits REVIEW ft. JAMES CHARLES!,NikkieTutorials,how-to & style
Hi2tjMLVpdQ,"Which Smartphone Do They ACTUALLY Use? --- MKBHD, Austin Evans, Linus + More",Unbox Therapy,science & technology
H34qrTkhFz0,DO U KNO DA WEI?,PewDiePie,education
rWk98tVr0ME,SIDEMEN ULTIMATE FOOTBALL CHALLENGE!,Sidemen,entertainment
G4g2Kg6wXBc,"Junga Official Trailer | Vijay Sethupathi, Sayyeshaa, Madonna Sebastian | Siddharth Vipin | Gokul",Think Music India,film & animation
uUvgMnzplt4,When You Meet Your Ex's New Girlfriend (ft. Karlie Kloss),IISuperwomanII,comedy
CupbRr2m_sM,The Search for the Mysterious Mothman,BuzzFeedBlue,people & blogs
4dSKZeAIsHY,Si on pouvait tout contr√¥ler - Andy,ANDY,comedy
-KE8v44VS_k,MEME REVIEW: Stolen Bike Meme,PewDiePie,comedy
SX9mF288Tb8,Tom Holland Plays With Puppies While Answering Fan Questions,BuzzFeed Celeb,people & blogs
SQsPvrev_bQ,435,"Tyler, The Creator",education
3c0N9LzoEGo,Vivre avec son p√®re (vu par Seb),SEB,comedy
9kIb4yZHWfg,THE TRUTH‚Ä¶ $360 KYLIE COSMETICS BRUSH SET REVIEW,jeffreestar,how-to & style
e1bEWoblGZA,unboxing video,bill wurtz,people & blogs
cRTwgPj0qx4,Please don't photoshop our wedding photo. (YIAY #409),jacksfilms,comedy
zPJl2e38S4g,Walk it like I talk it - Wocket in my pocket - Migos vs Dr Suess,ScatterBrain News,news & politics
BsQq_ySHb_k,Injuries & Being Sick,Jaiden Animations,film & animation
kP15q815Saw,3 Arguments Why Marijuana Should Stay Illegal Reviewed,Kurzgesagt ‚Äì In a Nutshell,education
Tz50vEX0nwE,–û–±—ä—è–≤–ª—è–µ–º –∑–∞–±–∞—Å—Ç–æ–≤–∫—É –∏–∑–±–∏—Ä–∞—Ç–µ–ª–µ–π,–ê–ª–µ–∫—Å–µ–π –ù–∞–≤–∞–ª—å–Ω—ã–π,nonprofits & activism
IJofEhiRpy0,I WORE MY BOYFRIEND'S CLOTHES FOR A WEEK!,Ryland Adams,entertainment
mRo6MnXObuE,Camila Cabello Debuts Never Be the Same,The Tonight Show Starring Jimmy Fallon,comedy
lUZPV3gGXgY,Magic Transforming Top Coat?! (does this thing even work),Simply Nailogical,entertainment
zMXKqMC5h4w,MA VID√âO LA PLUS EXTR√äME !!,Tibo InShape,sports
vhzYwi4Sl3A,Vanoss Superhero School - Power Academy (Episode 2),VanossGaming,gaming
uy6vFIxfsjg,YOU LAUGH YOU FEEL PSYCHICAL PAIN {COPYSTRIKE EDITION},PewDiePie,entertainment
9Rr9u6QGgVc,STRANGERS DO MY MAKEUP IN AUSTRALIA,James Charles,entertainment
ATXUugiHfPI,Random Thoughts (Part 2 Edition),Jaiden Animations,film & animation
by168cgLmw0,VOICI D'O√ô JE VIENS ! (Mon test ADN),Amixem,comedy
Gb1Am-33gTk,I THREW MY TWIN BROTHER'S PHONE IN THE POOL!,Lucas and Marcus,entertainment
eNChF-u-BQg,I Tried 4 Different Personalized Style Boxes,Safiya Nygaard,people & blogs
_0Wz8e4W-oE,Patience,Domics,comedy
1XsKiDXWtyE,[GOT7 - Look] Comeback Stage | M COUNTDOWN 180315 EP.562,Mnet K-POP,entertainment
-_fqzg8PNgY,"Why A Controversial Change Has The Internet Angry at Logan Paul, Youtube, and More...",Philip DeFranco,entertainment
dH4ZXmeEJXs,STRANGERS DO MY MAKEUP ON HOLLYWOOD BOULEVARD,James Charles,entertainment
gwrfwx1QcDQ,Phil is not on fire 9,AmazingPhil,how-to & style
aGgU7O-z0Dg,MISTER V - FAIRE UN ALBUM LA SUITE,Mister V,comedy
s_OYcu-y4OY,Neighbours [Part 2],Domics,comedy
uOfwFxG0yO8,How To Untangle Headphones,HowToBasic,how-to & style
_HEjlT8DWqg,Mark Zuckerberg's Cringe Safari Through Puerto Rico,h3h3Productions,entertainment
W4DnmTEHQug,We Need To Talk About The INSANE Shane Dawson Accusations and Fake News Witch Hunt...,Philip DeFranco,entertainment
MjdpR-TY6QU,How to Cure Aging ‚Äì During Your Lifetime?,Kurzgesagt ‚Äì In a Nutshell,education
yHHnywiSwIE,The Top Dan Memes of 2017,Daniel Howell,people & blogs
TzMJabl_ykk,Reacting to My First Video (try not to cringe compilation),Simply Nailogical,entertainment
mbzXQK3Q860,"The FCC Just Crushed Net Neutrality... It's Not Over, But It Looks Really Bad.",Philip DeFranco,entertainment
rbRoZyuOijk,"–î–≤–æ—Ä–µ—Ü, –Ω–∞ –∫–æ—Ç–æ—Ä—ã–π –∑–∞–ø—Ä–µ—â–µ–Ω–æ —Å–º–æ—Ç—Ä–µ—Ç—å",–ê–ª–µ–∫—Å–µ–π –ù–∞–≤–∞–ª—å–Ω—ã–π,nonprofits & activism
ncsIeL_A_3g,LES PIRES ANNONCES SUR LEBONCOIN ! #8,Amixem,comedy
fLwKs5yslSU,When You Catch Your Boyfriend (ft. Nick Jonas),IISuperwomanII,comedy
0PpNlNJ6Nng,Will It Watermarble?! Sister Edition | Watermarbling 9 random objects in nail polish!,Simply Nailogical,entertainment
DCq8CsSu6ck,L'oral du Bac (vu par un Prof),Lolywood,comedy
yP6VGTtRgMI,–°–ª–µ–ø–∞–∫–æ–≤ - –æ –ù–∞—à–µ–π Russia –∏ —Å–æ–≤—Ä–µ–º–µ–Ω–Ω–æ–π –†–æ—Å—Å–∏–∏ / –≤–î—É–¥—å,–≤–î—É–¥—å,people & blogs
C-ePy-2WLfY,Youtube's RIDICULOUS New Response To The Logan Paul Scandal Reveals a Huge Problem and More...,Philip DeFranco,entertainment
WDnzcWOD4xU,LA NOTICE - PRENDRE L'AVION,Le Woop,comedy
16W7c0mb-rE,Emergence ‚Äì How Stupid Things Become Smart Together,Kurzgesagt ‚Äì In a Nutshell,education
gw82GrEt370,DIY STUDY HACKS! How To Be PRODUCTIVE After School + Study Tips to Get BETTER GRADES!,Natalies Outlet,entertainment
v5y5pEnZp14,Lil Tay EXPOSED BAD! #DramaAlert Shane Dawson defends fans! Ray Diaz BUSTED!,DramaAlert,news & politics
AP1Scjdy_Kc,I MADE IT TO THE TOP!,PewDiePie,gaming
Vdo1yz6Y8Qc,OUVRIR DES G√âODES AVEC SQUEEZIE !,Dr Nozman,science & technology
2z870cifG_A,YouTube Sent Me The Wrong Play Button (10 Million Subscribers),RiceGum,entertainment
9fNvbeBLwGc,HOLIDAY 2017 ‚≠êÔ∏è COLLECTION & SKIN FROST PALETTE REVEAL | Jeffree Star Cosmetics,jeffreestar,how-to & style
xp_hlUxJSI4,Casey's STUPID NEW LOOK Explained,CaseyNeistat,people & blogs
YFHHGETsxkE,"PAPERS, PLEASE - The Short Film (2018) 4K SUBS",–ù–∏–∫–∏—Ç–∞ –û—Ä–¥—ã–Ω—Å–∫–∏–π,film & animation
FA_c722AHF8,The REAL YouTube Rewind |LEAKED|,PewDiePie,gaming
S5GJ4zvNXz8,SIDEMEN TRY NOT TO LAUGH CHALLENGE w/ JACK WHITEHALL,Sidemen,entertainment
DbeTDmfigS4,When You Have a Crush On a Gay Guy (ft. Rudy Mancuso),IISuperwomanII,comedy
UbFo4U43e5g,TSP's Ganju | Sanju Trailer Spoof,The Screen Patti,entertainment
MUWUHf-rzks,How to Make an Elephant Explode with Science ‚Äì¬†The Size of Life 2,Kurzgesagt ‚Äì In a Nutshell,education
i28Dd8jXZxs,Game Theory: Doki Doki's SCARIEST Monster is Hiding in Plain Sight (Doki Doki Literature Club),The Game Theorists,gaming
IyRRk3wgKMo,LOOK AT WHAT HE TURNED ME INTO... (ft. James Charles),FaZe Rug,gaming
h5LZ14RgSY8,BOX OF CRAYONS EYESHADOW PALETTE... Is It Jeffree Star Approved??,jeffreestar,how-to & style
09FaAy42iMI,SIDEMEN YOGA CHALLENGE,Sidemen,entertainment
sd80ZipTMDE,$11.99 FOUNDATION VS. $40 FOUNDATION: Who Wins ???,NikkieTutorials,how-to & style
KNxUDJ8_qI0,GETTING A CHIPOTLE TATTOO,Morgan Adams,entertainment
EQ4NEBPU-Hw,I WON MOST HANDSOME 2017!,PewDiePie,entertainment
PS0LhRwF__8,Buying An Entire Outfit In 3 Minutes (feat. Jessie Paege),Safiya Nygaard,people & blogs
rEdl2Uetpvo,How To Make Perfect Chocolate Chip Cookies,Tasty,how-to & style
pF3YAu0peCk,Ninja - Mom's Basement,FaZe Banks,entertainment
IKomhXgz6Io,JAKE PAUL IS A P*SSY,ComedyShortsGamer,people & blogs
cnqb2tXu9k8,JE PASSE SUR TF1 √áA TOURNE MAL !!,Tibo InShape,sports
KyB0zVHm2P0,Shawn Mendes Destroys James In a Cover Battle #LateLateShawn,The Late Late Show with James Corden,entertainment
nCPIKP_84qs,Skipping in High School,sWooZie,film & animation
2EPi1R9oZIw,WHAT WENT . . . . . WRONG?,PewDiePie,gaming
UmFS7No3t8Y,Bloopers 2017 !,Dolan Twins,comedy
YQRmaQ14-LA,MTV - –≥–ª–∞–≤–Ω—ã–π –∫–∞–Ω–∞–ª –Ω–∞—à–µ–≥–æ –¥–µ—Ç—Å—Ç–≤–∞ / –≤–î—É–¥—å,–≤–î—É–¥—å,people & blogs
n2K4II8N6r4,UNE HISTOIRE DE FABLES ! - LE RIRE JAUNE,Le Rire Jaune,comedy
WrVEyb7l0Aw,Apollo Went Missing.. PLS HELP!!,Jake Paul,people & blogs
pQK2-_NgLyw,LA CHANSON DE LA JOIE (DEFI YOUTUBE WARRIOR PERDU),Mcfly & Carlito,entertainment
JOZzku2SrzQ,I will legally change my name to LitFam,jacksfilms,comedy
fXOY7AtFVNE,Best Campfire Story Ever | Lele Pons & Hannah Stocking,Lele Pons,comedy
hA8lElh7LFg,ME YOU YOU ME,jacksfilms,comedy
R3FYtOPNIuY,Gifts,Domics,comedy
Yo2xGjYCYjU,Foreigner Vs Indian | Harsh Beniwal,Harsh Beniwal,comedy
zN23NjdOT14,Types Of People During Indian Weddings - PART 1,ashish chanchlani vines,comedy
kl39KHS07Xc,Universal Basic Income Explained ‚Äì Free Money for Everybody? UBI,Kurzgesagt ‚Äì In a Nutshell,education
ao7JzzfIqVE,My Conversation With Theorist Shane Dawson,Bobby Burns,entertainment
XAzqBDFs418,Battle with Charlie Puth | Rudy Mancuso,Rudy Mancuso,comedy
0TNVthqZ3uc,"I could NOT RESIST! This track is Ridiculous. Congrats, Jaden.",Will Smith,entertainment
2YN74a6Q3mY,SAYING GOODBYE TO MY FATHER. (RIP ANGRY GRANDPA),TheAngryGrandpaShow,people & blogs
orjCFE8-UKU,How to catch a BIRD! w/ HOWTOBASIC  - Save the Squirrels Initiative,iDubbbzTV2,comedy
WZGpcuXCKzs,ON CR√âE DES CHANSONS EN IMPRO feat. Maxenss et Sofyan,Mcfly & Carlito,entertainment
2YnVLR2OnSc,NOTRE REPAS DE SAINT VALENTIN !!,Tibo InShape,sports
HHOyg1oDeis,FULL FACE OF YOUTUBER CHRISTMAS PRESENTS,James Charles,entertainment
bJWDajO2SZE,DIY Lazy Food Gadgets EVERY Person Should Know!,Natalies Outlet,entertainment
8HslUzw35mc,Homeopathy Explained ‚Äì Gentle Healing or Reckless Fraud?,Kurzgesagt ‚Äì In a Nutshell,education
SJlmVOG8qj8,Boy Band Gaming Music Video! (Dear Ryan),nigahiga,entertainment
oBQCoxH6KRE,Prancer Rap,TheOdd2sOut,comedy
duXW_wPTw0o,PATRICKSTARRR TRANSFORMING ME INTO PATRICKSTARRR,NikkieTutorials,how-to & style
__1SjDrSMik,maybe i could eat blades of grass,bill wurtz,people & blogs
ZGAS4zuwJNg,Found Assault Rifle Underwater in River While Scuba Diving! (Police Called),DALLMYD,sports
k3uh0MJeypI,Dog Owners Be Like...,IISuperwomanII,comedy
B1r4Z3nXPVA,73 Questions With Lilly Singh | Vogue,Vogue,entertainment
zlFiWk5WFgk,Domino | Rudy Mancuso,Rudy Mancuso,comedy
Omwb2cpKP_Y,HARDER THAN GETTING OVER IT,PewDiePie,gaming
vBh85l1CJlg,Hypotheticals: Elevators and Rewinding Time (ft. FootofaFerret + JaidenAnimations),Domics,comedy
v1zIh-FJYGg,DE L‚ÄôACIDE SUR UNE POMME ? Will it dissolve,Dr Nozman,science & technology
TH-rw8xrAoI,Seb la Frite - Autotune,SEB,comedy
k3kgQrU5-p0,Transforming a Homeless Mans Life... **SUPER EMOTIONAL**,FaZe Rug,gaming
23FnO6f7974,Succulent Nails (a garden hoe tutorial),Simply Nailogical,entertainment
uRP4nAGMYCY,True Facts: Frog Fish,zefrank1,people & blogs
vb97DrNDSfM,Ethan's Corner - Facebook,h3h3Productions,entertainment
5hpuoMilm_4,73 Questions With CL | Vogue,Vogue,people & blogs
R9OHn5ZF4Uo,How Machines Learn,CGP Grey,education
1MGNw-Y2QPk,We Should Talk About What James Harrison Did...,Philip DeFranco,news & politics
WVHbHzGDs7Q,WHAT'S NEXT FOR ME ON YouTube !!,CaseyNeistat,people & blogs
hrkLzHGwRMk,Types Of People During Indian Weddings PART 2,ashish chanchlani vines,comedy
P-2r8XEuCII,A New App That Fixes Your Love Life (ft. John Legend),IISuperwomanII,comedy
hf_5LZlmSGs,Lolywood - Fr√®re VS Soeur,Lolywood,comedy
QWce9T6lINs,"THE REAL YOUTUBE REWIND 2017 ft: pewdiepie, iDubbbzTV, RiceGum, h3h3, Keemstar, FilthyFrank",KeeperAction,entertainment
O7qRCLkM5nQ,√äTRE ALLERGIQUE AU POLLEN ! - LE RIRE JAUNE,Le Rire Jaune,comedy
jU0I6t5fXLI,Luck,Domics,comedy
KYpbw8ImDVs,COLOR CHANGING HEAT-ACTIVATED HIGHLIGHTER??,NikkieTutorials,how-to & style
Q9b9thLKHPw,Youtube Fight Club - Combat #1 : Ibratv vs Ismael,IbraTV,sports
V2fw7u1epLg,Thank you.,Unbox Therapy,science & technology
uLTjkjRgkvo,EYEBROW EXTENSIONS GEL?!,NikkieTutorials,how-to & style
B96h4SJpH7Q,READING BRUTAL HATE COMMENTS IN ASMR | Jeffree Star,jeffreestar,how-to & style
TeyhBDn8Dks,"LOGAN PAUL, KSI VS JOE WELLER FIGHT, SIDEMEN DISS TRACKS",Sidemen,entertainment
xffS8n-M0Jg,How To Be Petty 101,IISuperwomanII,comedy
CZ7KRUYQyKE,HE'S GONE....WE CANT BE WITHOUT HIM ANY LONGER üíîüòî,The 2x Family,people & blogs
xEAhiV3E2BI,GINGERBREAD HOUSE WITH NO HANDS CHALLENGE!!,Liza Koshy Too,comedy
5PU-dUdbS4E,L'ORAL DU BAC VU PAR UN √âL√àVE,Pat la r√©alisation,comedy
BFZz8wHL2a4,Camila Cabello Heats Up the Stage with 'Havana',TheEllenShow,entertainment
_iNDIJO3Xuc,Entrevista com Whindersson Nunes | The Noite (19/03/18),The Noite com Danilo Gentili,entertainment
M0kcLjxoYS8,ON THE SPOT IMPRESSIONS 3,ThatcherJoe,comedy
DcCh33lJLMw,THE YOGA CHALLENGE w/ Liza Koshy | Joey Graceffa,Joey Graceffa,people & blogs
CvyzBMTQa40,THIS MAN SHOULD'VE BEEN IN YOUTUBE REWIND.,PewDiePie,entertainment
uPyLIBSVrMw,My Dad Paints My Nails (he doesn't know what YouTube is),Simply Nailogical,entertainment
h5CLO2n6OxQ,DIY Maple Taffy on a Stick (is Canada even real?),Simply Nailogical,entertainment
IIjPj1zD3GI,Philip DeFranco Sets a YouTube Record While Eating Spicy Wings | Hot Ones,First We Feast,how-to & style
otXVbQVNMv0,Try Not To Smile Challenge #3,Markiplier,comedy
DNrNMg8_gEs,My Mom Buys My Outfits!,Ryland Adams,entertainment
GynhLXtpQQ8,Neighbours [Part 1],Domics,comedy
BMpnuiMrDF0,Picture This (Official Music Video) - Annie LeBlanc,Annie LeBlanc,entertainment
PnslkZrlaE4,"FULL FACE FIRST IMPRESSIONS | TRYING $1,000 OF NEW MAKEUP!",jeffreestar,how-to & style
gS1DbvHHVH0,Going in to brain surgery,Simone Giertz,science & technology
oYvw0GryNs8,Really Offensive Video (ft. Shane Dawson),IISuperwomanII,comedy
VHrXy9XsIBw,Martinez Twins - Feliz Navidad (Official Music Video),Martinez Twins,entertainment
Lo5hCHzcS9g,LE MEILLEUR JEU EN VAISSEAU feat. FloBer & Lucien Maine,Mcfly & Carlito,entertainment
vQp2inqyB6I,Punchlines,Lolywood,comedy
OHyMORrsaYk,We Need to STOP This,Markiplier,people & blogs
D2ITOJxgfeQ,DE L'ACIDE SUR UN OS ! Will It Dissolve,Dr Nozman,science & technology
FmmLiydvFI0,My Trip to North Bay,Domics,comedy
K_XXXDPODmw,Taking Riverdale Quizzes with Camila Mendes and Hart Denton| Madelaine Petsch,Madelaine Petsch,people & blogs
UWOAuTP27eo,DUEL DE BLAGUES NULLES ! #2 (Vs Google Home),Amixem,comedy
_THBex8DItY,Ski Mask The Slump God - DoIHaveTheSause? (Dir. by @_ColeBennett_),Cole Bennett - Lyrical Lemonade,entertainment
5ioOX-37Jko,100000% U WILL LAFF + RIP Slippy,PewDiePie,comedy
jRT74op6xak,Clash Royale: Cards Coming to Life (Anime),Clash Royale,gaming
TfiTsqa2LB0,HOW WELL DOES MY MOM KNOW ME?,Markiplier,entertainment
46ix0wkdGOs,Why does pewdiepie keep bullying me?,RiceGum,entertainment
4oI_4yNWSIw,LE L√âGENDAIRE UEKUSA ! - LE SHOW JAUNE #42,Le Rire Jaune,comedy
HiQHcbFJv_o,When Your School Degree Is Useless,IISuperwomanII,comedy
HgpNeMVFLU0,How To Hide A Hickey,IISuperwomanII,comedy
CQPVMxQOh-E,JE VOUS MONTRE MON SANG AU MICROSCOPE !,Dr Nozman,science & technology
POMjmuxcPBk,TRY NOT TO LAUGH CHALLENGE #9 | PARROT IMPRESSIONS!,SSundee,comedy
HuXZm2PWLNA,MAYBELLINE 24HR SUPERSTAY FOUNDATION‚Ä¶ Is It Jeffree Star Approved?,jeffreestar,how-to & style
svpxNASGFHQ,MAKING OF : DESSINE-MOI UN ALIEN,Cyprien,comedy
VaGYUhKDtVM,BUREAU DES PLAINTES - Harry Potter (Lucien Maine),Golden Moustache,comedy
M51mDLujKPQ,JE REPONDS √Ä VOS QUESTIONS VID√âOS ! (FAQ pas tr√®s originale),Amixem,comedy
9kF9xY74h-E,Spilling Tea About Each Other!!,Dolan Twins,comedy
aCoDqL1dK9c,BEST MAKEUP OF 2017!,NikkieTutorials,how-to & style
FBIkUV4I1aU,Rich Brian - watch out!,88rising,entertainment
fqQ7ymRr5X0,Rudy Mancuso & Maia Mitchell - Sirens (Official Music Video),Rudy Mancuso,comedy
qTgDrI3_Ypo,HOW TO SLAY YOUR HOLIDAY MAKEUP LOOK!,NikkieTutorials,how-to & style
lnFaRuWOLN0,"Emilie, 10 ans, Coach De Vie",Lolywood,comedy
LLkMdkoALbg,THIS IS BRAZIL,Porta dos Fundos,entertainment
gp0K7pDHMEw,Inspecteur vs Serial Killer,Lolywood,comedy
0BGwPgTQTwE,JE REGARDE VOS VID√âOS FOND VERT ! #3,Amixem,comedy
OtBYXxnJvEQ,CE QUE JE VAIS VOUS MONTRER EST FOU !,Dr Nozman,science & technology
7_E94RpPx08,Le No√´l du Woop,Le Woop,comedy
edNTVABE1qY,Jake Paul vs FaZe Banks! #DramaAlert Fortnite KID! - Logan Paul vs Chris D'Elia! Roman Atwood,DramaAlert,news & politics
kYoKcaPZnCc,Trace & Bake | Overwatch,PlayOverwatch,gaming
AnRkugr7r2o,THE LAST PACK OPENING I WILL EVER UPLOAD - FIFA 18,W2S,entertainment
pT5XvFLmzMU,Types of People at Weddings,IISuperwomanII,comedy
-SJywvgaJEI,Watch This Video When You‚Äôre Feeling Down,Markiplier,people & blogs
ZR47jsUqUzo,The Confession --  MatPat's VidCon 2018 Speech,The Game Theorists,entertainment
fGs4hNIJoqs,El misterio de Alexa,DrossRotzank,entertainment
khSZO-QO2g4,J'AI PRIS 50 KILOS !!,Tibo InShape,sports
sPg-XUWkJbY,REACTING TO ZANE FROM DAVIDS VLOG!!,David Dobrik Too,people & blogs
S97vorMfyDo,JOE WELLER: FIGHTER (KSI v Weller Documentary),Joe Weller,entertainment
EWf7P3okX9s,IT'S CHICA'S BIRTHDAY!!!,Markiplier,gaming
iaSL8wtrIhI,YO TOUT LE MONDE C‚ÄôEST TONY ! - DOUBLAGE #18 (ft. Squeezie),Sofyan,comedy
1zO2JEV6He0,When Your Friend Gets Dumped,IISuperwomanII,comedy
g8p-n8CTs8E,"LE DERNIER BUZZ (Akim Omiri ft Squeezie, Mister V et Jeremy Nadeau)",Akim Omiri,entertainment
m6O2mgpIObY,LE JEU LE PLUS CHOQUANT !,Amixem,comedy
r1gxEVT18w8,Unsolved: The Legend of Krampus,BuzzFeedBlue,people & blogs
FkiQ67FtycI,Unboxing and wearing the fursuit,jacksfilms,comedy
5vhpgWQiujg,I Let TINDER Pick My Makeup,Glam&Gore,people & blogs
cZYNADOHhVY,The Fable of the Dragon-Tyrant,CGP Grey,education
Wzvr_rtI82w,The $1000 Smartphone Giveaway!,Marques Brownlee,science & technology
mE9oqeXj4WY,DOMO WILSON REACTED TO MY SONG!!! (REACTION VIDEO),Queen Naija,people & blogs
fUTyUjYldqg,ADS KA BADSHAAH,CarryMinati,comedy
B_3fYZmMxws,RAINBOW BROWS TUTORIAL! | NikkieTutorials,NikkieTutorials,how-to & style
pDi7cezk9CA,COMING OUT (ELLE MILLS STYLE),ElleOfTheMills,entertainment
2Dpd_8n3A5U,FILMMAKING IS A SPORT,CaseyNeistat,people & blogs
Gw-Mm-hS_UY,How People Talk About Celebrity Gossip (ft. Alisha Marie),IISuperwomanII,comedy
nrI_Lpy6kzA,MEAN TWEETS WITH RAHEEM STERLING,KSI,entertainment
_pJegu1P_yE,The Most IMPORTANT Video I've Ever Made (NOT CLICKBAIT),The Game Theorists,entertainment
2kvKTkM9OJE,La course de canid√©s! - Natoo,Natoo,comedy
BN1O9l48WIk,I HATE YOUTUBE REWIND 2017,I Hate Everything,comedy
QlY44reJJyU,SIDEMEN READ MEAN TWEETS,Sidemen,entertainment
VPSoNx1gyQ4,"88RISING - midsummer madness ft. Joji, Rich Brian, Higher Brothers, AUGUST 08 (official music video)",88rising,entertainment
MxJJ2LBI604,Is Grant Keith from Buzzfeed?,CollegeHumor,comedy
qdkDicI1Vp8,Our Generation as Parents | Harsh Beniwal,Harsh Beniwal,comedy
x7Ilf1mAZCk,"–ù–æ–≤–∞—è –†–æ—Å—Å–∏—è: The Hatters, –ê–∫—Å–µ–Ω–æ–≤–∞, –ü–æ–∫—Ä–∞—Å –õ–∞–º–ø–∞—Å, –ü—è–∑–æ–∫ / –≤–î—É–¥—å",–≤–î—É–¥—å,people & blogs
k8UmX17DXWg,REAL VS. FAKE ANIME CHALLENGE (feat. PewDiePie),The Anime Man,film & animation
MbutUC4aTHA,Let's peep this out!  - Save the Squirrels Initiative,iDubbbzTV2,comedy
Mej6I6AWOhk,I fixed YouTube Rewind,jacksfilms,comedy
0yIWz1XEeyc,Jake Paul Says Alissa Violet CHEATED with LOGAN PAUL! #DramaAlert Team 10 vs  Martinez Twins!,DramaAlert,news & politics
4_jkeWgtZ18,"Tired, Frustrated, But Also Excited",Philip DeFranco,news & politics
9g0vFf36UCQ,QU‚ÄôEST-CE QUE J‚ÄôAI TROUV√â EN OUVRANT CETTE PIERRE ?,Dr Nozman,science & technology
v_U7PajcFAU,CET ANIMAL EST MONSTRUEUX !,Dr Nozman,science & technology
I4Q3YDezqcM,MOO,Markiplier,pets & animals
ctIdov01l20,J'AI TROUVEÃÅ DES CRISTAUX MAGNIFIQUES !,Dr Nozman,science & technology
VeHtqSl_gyQ,L'EXPLICATION DU MANOIR HANT√â,LE GRAND JD,entertainment
98pE29S5Gb4,–®–µ–≤—á—É–∫ - –æ –±–∞—Ç–ª–µ —Å –ü—É—Ç–∏–Ω—ã–º –∏ –≤–æ–π–Ω–µ –≤ –ß–µ—á–Ω–µ / –≤–î—É–¥—å,–≤–î—É–¥—å,people & blogs
6dIjeUB51-s,–†–∞—Å–ø–∞–∫–æ–≤–∫–∞ –≥–∞–¥–∂–µ—Ç–∞ –∑–∞ 10 –º–ª—Ä–¥ —Ä—É–±–ª–µ–π,–ê–ª–µ–∫—Å–µ–π –ù–∞–≤–∞–ª—å–Ω—ã–π,nonprofits & activism
BqD0umu1mRA,–ß—Ç–æ –ø—Ä–æ–∏–∑–æ—à–ª–æ –≤ –ê—Ä–º–µ–Ω–∏–∏ –∏ —á—Ç–æ –Ω—É–∂–Ω–æ –¥–µ–ª–∞—Ç—å –Ω–∞–º,–ê–ª–µ–∫—Å–µ–π –ù–∞–≤–∞–ª—å–Ω—ã–π,nonprofits & activism
hkFYWyy9Jek,If Talk Show Interviews Were Honest (ft. Chelsea Handler),IISuperwomanII,comedy
52JxzhFjKQU,The SpongeBob SquarePants Anime - OP 2 (Original Animation),Narmak,film & animation
yOqT0Bk-A_Y,[SHINee - Good Evening] Comeback Stage | M COUNTDOWN 180531 EP.572,Mnet K-POP,entertainment
nN6lEzvsnFE,LES PIRES TRUCS RETROUV√âS DANS UN CORPS !,Dr Nozman,science & technology
X2ICKlbv0OU,Seb la Frite - Francky Vincent,SEB,comedy
arJ5h2TY3I4,FANTASY (feat. Amber Liu) by SUPERFRUIT,SUPERFRUIT,entertainment
x_JFDbM5Uyg,Goodbye Buddi,Markiplier,people & blogs
MYmQlBpF5e0,UK vs JAPAN School Lunches! with Dan and Phil,AmazingPhil,how-to & style
JlCBt9tYNtA,Bhai Behan Ka Pyaar - Part 2 | Harsh Beniwal,Harsh Beniwal,comedy
xCY9B8POq3A,mirror selfie,SethEverman,entertainment
jtHM8yGVCTc,BROTHER & SISTER: SCHOOL,James Charles,entertainment
AT3-vZJMLwI,Mon NOUVEAU COURT M√âTRAGE en AVANT PREMI√àRE !,Cyprien,comedy
iMVBObh8hDM,JE D√âVOILE MES PIRES BULLETINS SCOLAIRES (Hugoposay enfant),HugoPOSAY,entertainment
O2N9RhlVSoI,"Saheb , Biwi aur Bestfriend Feat. Nazarbattu || Harsh Beniwal",Harsh Beniwal,comedy
JZT8R1pkNW4,[BadComedian] - –ó–∞ –≥—Ä–∞–Ω—å—é —Ä–µ–∞–ª—å–Ω–æ—Å—Ç–∏ (Russian X-MEN –∏–ª–∏ 11 –¥—Ä—É–∑–µ–π –ú–µ–¥–∏–Ω—Å–∫–æ–≥–æ),BadComedian,comedy
nJtAxj9A_sk,[BadComedian] - –ú–ê–ö–°–ò–ú–ê–õ–¨–ù–´–ô –£–î–ê–† (–ß–∞—Å –ø–∏–∫ –ù–µ–≤—Å–∫–æ–≥–æ),BadComedian,comedy
KEFLv6o8ATU,"Saheb, Biwi Aur Bestfriend  Doosra Feat. Nazarbattu | Harsh Beniwal",Harsh Beniwal,comedy
NjhAKnorBYE,007 IN BRAZIL,Porta dos Fundos,entertainment
mNyqZ05SKso,That One Friend Who Believes in Horoscopes,IISuperwomanII,comedy
6zeHWtDUJsw,LES PIRES TRUCS RETROUV√âS DANS UN CORPS #2,Dr Nozman,science & technology
DrApVH3afMI,some bloopers from phil is not on fire 9,danisnotinteresting,people & blogs
nNqop_MjFaM,My Mom's Morning Routine,IISuperwomanII,comedy
nqX0y-hME-E,My REAL Morning Routine | Get Ready With Me!,IISuperwomanII,comedy
THzHh3RVsAY,J'AI RE√áU UN CADEAU MYST√àRE,CYR!L,comedy
8tT3FhOA4-g,We Need To Talk About The Disgusting David Hogg Conspiracy Theories And More...,Philip DeFranco,entertainment
btDj0vYbQwc,COMMENT FAIRE DU NISKA ? - LA RECETTE #7 - MASKEY,Maskey,comedy
Nh3oZwuEYHc,PUBG dans la VRAIE VIE,CYRIL /SUPERKONAR,comedy
rSm9Mw_VIb4,J'AI VU LE SCANDALE DE L'HUILE DE PALME,LE GRAND JD,travel & events
cMtHByGJ8Ao,SCOTTY SIRE - MISTER GLASSMAN (Official Lyric Video),Scotty Sire,comedy
EUnQnf8mfW0,Yandere Simulator Delinquent Backstory,Yandere Dev,gaming
mlCflbej6EM,From Dream to Reality,Max Joseph,film & animation
jvNefGT0qQY,Tibo InShape - Bonne R√©solution feat. Ma Famille (Clip Officiel),Tibo InShape,sports
o8lSb-UOA3M,Dan and Phil Video Bloopers 2017!,AmazingPhil,how-to & style
akNs04ef_Co,I Read A Letter From My Younger Self,AmazingPhil,how-to & style
t3z_pdr6z8w,I Don't See Color - A Makeup Tutorial | Jackie Aina,Jackie Aina,how-to & style
K1BZVCb0bYw,JE DOIS VOUS PARLER,CYRIL /SUPERKONAR,comedy
nNTl0TivaRU,ADIEU ! - TheFantasio974,TheFantasio974,gaming
GT23RJvMVLU,THE ULTIMATE NYE GLAM TRANSFORMATION!,NikkieTutorials,how-to & style
ataGEEHnl-k,HOUSE TOUR (OUR NEW HOUSE),Dolan Twins,comedy
HvbQPAalA9k,ALERTE YOUTUBE : CYRIL CENSUR√â (encore),CYR!L,comedy
6JahIALI2XA,AWKWARD TWIN CONFESSIONS,Dolan Twins,comedy
a2CUDDhTlyg,GUCCI MADE ME PINK CUSTOM LUGGAGE! + HANDBAG GIVEAWAY!,jeffreestar,how-to & style
yB4ogLIYBsE,WE BROKE UP! (Official Music Video),Ryland Adams,entertainment
Ef5yD5l93k4,Zedd - The Middle ft. Maren Morris & Grey (SING OFF vs. MY BEST FRIEND),James Charles,entertainment
HlI1YmjnyWE,LA LOVE ARMY EN ACTION - Natoo,Natoo,comedy
OB6_vByiBjo,SLOGOMAN REACTS TO GO GET GONE - KWEBBELKOP & SLOGOMAN DISS TRACK,Slogoman,gaming
4UO9E3Tb1Qc,a tribute to our hamster,julien solomita,entertainment
yBHDI3y1GGY,REQUIS UFC 3 DEBUT,FaZe Jev,gaming
